,date,event,group,value
0,2011-04-01,chemical,IS,0
1,2011-04-01,air_strike,IS,0
2,2011-04-01,barrel_bomb,IS,0
3,2011-04-01,massacre,IS,0
4,2011-04-01,shelling,IS,0
5,2011-04-01,battle,IS,0
6,2011-04-01,chemical,IC,0
7,2011-04-01,air_strike,IC,0
8,2011-04-01,barrel_bomb,IC,0
9,2011-04-01,massacre,IC,0
10,2011-04-01,shelling,IC,0
11,2011-04-01,battle,IC,0
12,2011-04-01,chemical,RS,0
13,2011-04-01,air_strike,RS,0
14,2011-04-01,barrel_bomb,RS,0
15,2011-04-01,massacre,RS,0
16,2011-04-01,shelling,RS,0
17,2011-04-01,battle,RS,0
18,2011-04-01,chemical,YPG,0
19,2011-04-01,air_strike,YPG,0
20,2011-04-01,barrel_bomb,YPG,0
21,2011-04-01,massacre,YPG,0
22,2011-04-01,shelling,YPG,0
23,2011-04-01,battle,YPG,0
24,2011-04-01,chemical,HZB,0
25,2011-04-01,air_strike,HZB,0
26,2011-04-01,barrel_bomb,HZB,0
27,2011-04-01,massacre,HZB,0
28,2011-04-01,shelling,HZB,0
29,2011-04-01,battle,HZB,0
30,2011-04-01,chemical,ASS,0
31,2011-04-01,air_strike,ASS,0
32,2011-04-01,barrel_bomb,ASS,0
33,2011-04-01,massacre,ASS,3
34,2011-04-01,shelling,ASS,2
35,2011-04-01,battle,ASS,3
36,2011-05-01,chemical,IS,0
37,2011-05-01,air_strike,IS,0
38,2011-05-01,barrel_bomb,IS,0
39,2011-05-01,massacre,IS,0
40,2011-05-01,shelling,IS,0
41,2011-05-01,battle,IS,0
42,2011-05-01,chemical,IC,0
43,2011-05-01,air_strike,IC,0
44,2011-05-01,barrel_bomb,IC,0
45,2011-05-01,massacre,IC,0
46,2011-05-01,shelling,IC,0
47,2011-05-01,battle,IC,0
48,2011-05-01,chemical,RS,0
49,2011-05-01,air_strike,RS,0
50,2011-05-01,barrel_bomb,RS,0
51,2011-05-01,massacre,RS,0
52,2011-05-01,shelling,RS,0
53,2011-05-01,battle,RS,0
54,2011-05-01,chemical,YPG,0
55,2011-05-01,air_strike,YPG,0
56,2011-05-01,barrel_bomb,YPG,0
57,2011-05-01,massacre,YPG,0
58,2011-05-01,shelling,YPG,0
59,2011-05-01,battle,YPG,0
60,2011-05-01,chemical,HZB,0
61,2011-05-01,air_strike,HZB,0
62,2011-05-01,barrel_bomb,HZB,0
63,2011-05-01,massacre,HZB,0
64,2011-05-01,shelling,HZB,0
65,2011-05-01,battle,HZB,0
66,2011-05-01,chemical,ASS,0
67,2011-05-01,air_strike,ASS,0
68,2011-05-01,barrel_bomb,ASS,0
69,2011-05-01,massacre,ASS,3
70,2011-05-01,shelling,ASS,0
71,2011-05-01,battle,ASS,3
72,2011-06-01,chemical,IS,0
73,2011-06-01,air_strike,IS,0
74,2011-06-01,barrel_bomb,IS,0
75,2011-06-01,massacre,IS,0
76,2011-06-01,shelling,IS,0
77,2011-06-01,battle,IS,0
78,2011-06-01,chemical,IC,0
79,2011-06-01,air_strike,IC,0
80,2011-06-01,barrel_bomb,IC,0
81,2011-06-01,massacre,IC,0
82,2011-06-01,shelling,IC,0
83,2011-06-01,battle,IC,0
84,2011-06-01,chemical,RS,0
85,2011-06-01,air_strike,RS,0
86,2011-06-01,barrel_bomb,RS,0
87,2011-06-01,massacre,RS,0
88,2011-06-01,shelling,RS,0
89,2011-06-01,battle,RS,1
90,2011-06-01,chemical,YPG,0
91,2011-06-01,air_strike,YPG,0
92,2011-06-01,barrel_bomb,YPG,0
93,2011-06-01,massacre,YPG,0
94,2011-06-01,shelling,YPG,0
95,2011-06-01,battle,YPG,0
96,2011-06-01,chemical,HZB,0
97,2011-06-01,air_strike,HZB,0
98,2011-06-01,barrel_bomb,HZB,0
99,2011-06-01,massacre,HZB,0
100,2011-06-01,shelling,HZB,0
101,2011-06-01,battle,HZB,0
102,2011-06-01,chemical,ASS,0
103,2011-06-01,air_strike,ASS,0
104,2011-06-01,barrel_bomb,ASS,0
105,2011-06-01,massacre,ASS,4
106,2011-06-01,shelling,ASS,1
107,2011-06-01,battle,ASS,20
108,2011-07-01,chemical,IS,0
109,2011-07-01,air_strike,IS,0
110,2011-07-01,barrel_bomb,IS,0
111,2011-07-01,massacre,IS,0
112,2011-07-01,shelling,IS,0
113,2011-07-01,battle,IS,0
114,2011-07-01,chemical,IC,0
115,2011-07-01,air_strike,IC,0
116,2011-07-01,barrel_bomb,IC,0
117,2011-07-01,massacre,IC,0
118,2011-07-01,shelling,IC,0
119,2011-07-01,battle,IC,0
120,2011-07-01,chemical,RS,0
121,2011-07-01,air_strike,RS,0
122,2011-07-01,barrel_bomb,RS,0
123,2011-07-01,massacre,RS,0
124,2011-07-01,shelling,RS,0
125,2011-07-01,battle,RS,0
126,2011-07-01,chemical,YPG,0
127,2011-07-01,air_strike,YPG,0
128,2011-07-01,barrel_bomb,YPG,0
129,2011-07-01,massacre,YPG,0
130,2011-07-01,shelling,YPG,0
131,2011-07-01,battle,YPG,0
132,2011-07-01,chemical,HZB,0
133,2011-07-01,air_strike,HZB,0
134,2011-07-01,barrel_bomb,HZB,0
135,2011-07-01,massacre,HZB,0
136,2011-07-01,shelling,HZB,0
137,2011-07-01,battle,HZB,0
138,2011-07-01,chemical,ASS,0
139,2011-07-01,air_strike,ASS,0
140,2011-07-01,barrel_bomb,ASS,0
141,2011-07-01,massacre,ASS,6
142,2011-07-01,shelling,ASS,0
143,2011-07-01,battle,ASS,16
144,2011-08-01,chemical,IS,0
145,2011-08-01,air_strike,IS,0
146,2011-08-01,barrel_bomb,IS,0
147,2011-08-01,massacre,IS,0
148,2011-08-01,shelling,IS,0
149,2011-08-01,battle,IS,0
150,2011-08-01,chemical,IC,0
151,2011-08-01,air_strike,IC,0
152,2011-08-01,barrel_bomb,IC,0
153,2011-08-01,massacre,IC,0
154,2011-08-01,shelling,IC,0
155,2011-08-01,battle,IC,0
156,2011-08-01,chemical,RS,0
157,2011-08-01,air_strike,RS,0
158,2011-08-01,barrel_bomb,RS,0
159,2011-08-01,massacre,RS,0
160,2011-08-01,shelling,RS,0
161,2011-08-01,battle,RS,0
162,2011-08-01,chemical,YPG,0
163,2011-08-01,air_strike,YPG,0
164,2011-08-01,barrel_bomb,YPG,0
165,2011-08-01,massacre,YPG,0
166,2011-08-01,shelling,YPG,0
167,2011-08-01,battle,YPG,0
168,2011-08-01,chemical,HZB,0
169,2011-08-01,air_strike,HZB,0
170,2011-08-01,barrel_bomb,HZB,0
171,2011-08-01,massacre,HZB,0
172,2011-08-01,shelling,HZB,0
173,2011-08-01,battle,HZB,0
174,2011-08-01,chemical,ASS,0
175,2011-08-01,air_strike,ASS,0
176,2011-08-01,barrel_bomb,ASS,0
177,2011-08-01,massacre,ASS,1
178,2011-08-01,shelling,ASS,1
179,2011-08-01,battle,ASS,1
180,2011-09-01,chemical,IS,0
181,2011-09-01,air_strike,IS,0
182,2011-09-01,barrel_bomb,IS,0
183,2011-09-01,massacre,IS,0
184,2011-09-01,shelling,IS,0
185,2011-09-01,battle,IS,0
186,2011-09-01,chemical,IC,0
187,2011-09-01,air_strike,IC,0
188,2011-09-01,barrel_bomb,IC,0
189,2011-09-01,massacre,IC,0
190,2011-09-01,shelling,IC,0
191,2011-09-01,battle,IC,0
192,2011-09-01,chemical,RS,0
193,2011-09-01,air_strike,RS,0
194,2011-09-01,barrel_bomb,RS,0
195,2011-09-01,massacre,RS,0
196,2011-09-01,shelling,RS,0
197,2011-09-01,battle,RS,0
198,2011-09-01,chemical,YPG,0
199,2011-09-01,air_strike,YPG,0
200,2011-09-01,barrel_bomb,YPG,0
201,2011-09-01,massacre,YPG,0
202,2011-09-01,shelling,YPG,0
203,2011-09-01,battle,YPG,0
204,2011-09-01,chemical,HZB,0
205,2011-09-01,air_strike,HZB,0
206,2011-09-01,barrel_bomb,HZB,0
207,2011-09-01,massacre,HZB,0
208,2011-09-01,shelling,HZB,0
209,2011-09-01,battle,HZB,0
210,2011-09-01,chemical,ASS,0
211,2011-09-01,air_strike,ASS,0
212,2011-09-01,barrel_bomb,ASS,0
213,2011-09-01,massacre,ASS,3
214,2011-09-01,shelling,ASS,0
215,2011-09-01,battle,ASS,2
216,2011-10-01,chemical,IS,0
217,2011-10-01,air_strike,IS,0
218,2011-10-01,barrel_bomb,IS,0
219,2011-10-01,massacre,IS,0
220,2011-10-01,shelling,IS,0
221,2011-10-01,battle,IS,0
222,2011-10-01,chemical,IC,0
223,2011-10-01,air_strike,IC,0
224,2011-10-01,barrel_bomb,IC,0
225,2011-10-01,massacre,IC,0
226,2011-10-01,shelling,IC,0
227,2011-10-01,battle,IC,0
228,2011-10-01,chemical,RS,0
229,2011-10-01,air_strike,RS,0
230,2011-10-01,barrel_bomb,RS,0
231,2011-10-01,massacre,RS,0
232,2011-10-01,shelling,RS,0
233,2011-10-01,battle,RS,0
234,2011-10-01,chemical,YPG,0
235,2011-10-01,air_strike,YPG,0
236,2011-10-01,barrel_bomb,YPG,0
237,2011-10-01,massacre,YPG,0
238,2011-10-01,shelling,YPG,0
239,2011-10-01,battle,YPG,0
240,2011-10-01,chemical,HZB,0
241,2011-10-01,air_strike,HZB,0
242,2011-10-01,barrel_bomb,HZB,0
243,2011-10-01,massacre,HZB,0
244,2011-10-01,shelling,HZB,0
245,2011-10-01,battle,HZB,0
246,2011-10-01,chemical,ASS,0
247,2011-10-01,air_strike,ASS,0
248,2011-10-01,barrel_bomb,ASS,0
249,2011-10-01,massacre,ASS,13
250,2011-10-01,shelling,ASS,2
251,2011-10-01,battle,ASS,9
252,2011-11-01,chemical,IS,0
253,2011-11-01,air_strike,IS,0
254,2011-11-01,barrel_bomb,IS,0
255,2011-11-01,massacre,IS,0
256,2011-11-01,shelling,IS,0
257,2011-11-01,battle,IS,0
258,2011-11-01,chemical,IC,0
259,2011-11-01,air_strike,IC,0
260,2011-11-01,barrel_bomb,IC,0
261,2011-11-01,massacre,IC,0
262,2011-11-01,shelling,IC,0
263,2011-11-01,battle,IC,0
264,2011-11-01,chemical,RS,0
265,2011-11-01,air_strike,RS,0
266,2011-11-01,barrel_bomb,RS,0
267,2011-11-01,massacre,RS,0
268,2011-11-01,shelling,RS,0
269,2011-11-01,battle,RS,0
270,2011-11-01,chemical,YPG,0
271,2011-11-01,air_strike,YPG,0
272,2011-11-01,barrel_bomb,YPG,0
273,2011-11-01,massacre,YPG,0
274,2011-11-01,shelling,YPG,0
275,2011-11-01,battle,YPG,0
276,2011-11-01,chemical,HZB,0
277,2011-11-01,air_strike,HZB,0
278,2011-11-01,barrel_bomb,HZB,0
279,2011-11-01,massacre,HZB,0
280,2011-11-01,shelling,HZB,0
281,2011-11-01,battle,HZB,0
282,2011-11-01,chemical,ASS,0
283,2011-11-01,air_strike,ASS,1
284,2011-11-01,barrel_bomb,ASS,0
285,2011-11-01,massacre,ASS,2
286,2011-11-01,shelling,ASS,1
287,2011-11-01,battle,ASS,2
288,2011-12-01,chemical,IS,0
289,2011-12-01,air_strike,IS,0
290,2011-12-01,barrel_bomb,IS,0
291,2011-12-01,massacre,IS,0
292,2011-12-01,shelling,IS,0
293,2011-12-01,battle,IS,0
294,2011-12-01,chemical,IC,0
295,2011-12-01,air_strike,IC,0
296,2011-12-01,barrel_bomb,IC,0
297,2011-12-01,massacre,IC,0
298,2011-12-01,shelling,IC,0
299,2011-12-01,battle,IC,0
300,2011-12-01,chemical,RS,0
301,2011-12-01,air_strike,RS,0
302,2011-12-01,barrel_bomb,RS,0
303,2011-12-01,massacre,RS,0
304,2011-12-01,shelling,RS,0
305,2011-12-01,battle,RS,0
306,2011-12-01,chemical,YPG,0
307,2011-12-01,air_strike,YPG,0
308,2011-12-01,barrel_bomb,YPG,0
309,2011-12-01,massacre,YPG,0
310,2011-12-01,shelling,YPG,0
311,2011-12-01,battle,YPG,0
312,2011-12-01,chemical,HZB,0
313,2011-12-01,air_strike,HZB,0
314,2011-12-01,barrel_bomb,HZB,0
315,2011-12-01,massacre,HZB,0
316,2011-12-01,shelling,HZB,0
317,2011-12-01,battle,HZB,0
318,2011-12-01,chemical,ASS,0
319,2011-12-01,air_strike,ASS,0
320,2011-12-01,barrel_bomb,ASS,0
321,2011-12-01,massacre,ASS,2
322,2011-12-01,shelling,ASS,0
323,2011-12-01,battle,ASS,7
324,2012-01-01,chemical,IS,0
325,2012-01-01,air_strike,IS,0
326,2012-01-01,barrel_bomb,IS,0
327,2012-01-01,massacre,IS,0
328,2012-01-01,shelling,IS,0
329,2012-01-01,battle,IS,0
330,2012-01-01,chemical,IC,0
331,2012-01-01,air_strike,IC,0
332,2012-01-01,barrel_bomb,IC,0
333,2012-01-01,massacre,IC,0
334,2012-01-01,shelling,IC,0
335,2012-01-01,battle,IC,0
336,2012-01-01,chemical,RS,0
337,2012-01-01,air_strike,RS,0
338,2012-01-01,barrel_bomb,RS,0
339,2012-01-01,massacre,RS,0
340,2012-01-01,shelling,RS,0
341,2012-01-01,battle,RS,0
342,2012-01-01,chemical,YPG,0
343,2012-01-01,air_strike,YPG,0
344,2012-01-01,barrel_bomb,YPG,0
345,2012-01-01,massacre,YPG,0
346,2012-01-01,shelling,YPG,0
347,2012-01-01,battle,YPG,0
348,2012-01-01,chemical,HZB,0
349,2012-01-01,air_strike,HZB,0
350,2012-01-01,barrel_bomb,HZB,0
351,2012-01-01,massacre,HZB,0
352,2012-01-01,shelling,HZB,0
353,2012-01-01,battle,HZB,0
354,2012-01-01,chemical,ASS,0
355,2012-01-01,air_strike,ASS,0
356,2012-01-01,barrel_bomb,ASS,0
357,2012-01-01,massacre,ASS,16
358,2012-01-01,shelling,ASS,6
359,2012-01-01,battle,ASS,3
360,2012-02-01,chemical,IS,0
361,2012-02-01,air_strike,IS,0
362,2012-02-01,barrel_bomb,IS,0
363,2012-02-01,massacre,IS,0
364,2012-02-01,shelling,IS,0
365,2012-02-01,battle,IS,0
366,2012-02-01,chemical,IC,0
367,2012-02-01,air_strike,IC,0
368,2012-02-01,barrel_bomb,IC,0
369,2012-02-01,massacre,IC,0
370,2012-02-01,shelling,IC,0
371,2012-02-01,battle,IC,0
372,2012-02-01,chemical,RS,0
373,2012-02-01,air_strike,RS,0
374,2012-02-01,barrel_bomb,RS,0
375,2012-02-01,massacre,RS,12
376,2012-02-01,shelling,RS,2
377,2012-02-01,battle,RS,39
378,2012-02-01,chemical,YPG,0
379,2012-02-01,air_strike,YPG,0
380,2012-02-01,barrel_bomb,YPG,0
381,2012-02-01,massacre,YPG,0
382,2012-02-01,shelling,YPG,0
383,2012-02-01,battle,YPG,0
384,2012-02-01,chemical,HZB,0
385,2012-02-01,air_strike,HZB,0
386,2012-02-01,barrel_bomb,HZB,0
387,2012-02-01,massacre,HZB,0
388,2012-02-01,shelling,HZB,0
389,2012-02-01,battle,HZB,0
390,2012-02-01,chemical,ASS,0
391,2012-02-01,air_strike,ASS,0
392,2012-02-01,barrel_bomb,ASS,0
393,2012-02-01,massacre,ASS,74
394,2012-02-01,shelling,ASS,15
395,2012-02-01,battle,ASS,23
396,2012-03-01,chemical,IS,0
397,2012-03-01,air_strike,IS,0
398,2012-03-01,barrel_bomb,IS,0
399,2012-03-01,massacre,IS,0
400,2012-03-01,shelling,IS,0
401,2012-03-01,battle,IS,0
402,2012-03-01,chemical,IC,0
403,2012-03-01,air_strike,IC,0
404,2012-03-01,barrel_bomb,IC,0
405,2012-03-01,massacre,IC,0
406,2012-03-01,shelling,IC,0
407,2012-03-01,battle,IC,0
408,2012-03-01,chemical,RS,0
409,2012-03-01,air_strike,RS,0
410,2012-03-01,barrel_bomb,RS,0
411,2012-03-01,massacre,RS,2
412,2012-03-01,shelling,RS,0
413,2012-03-01,battle,RS,0
414,2012-03-01,chemical,YPG,0
415,2012-03-01,air_strike,YPG,0
416,2012-03-01,barrel_bomb,YPG,0
417,2012-03-01,massacre,YPG,0
418,2012-03-01,shelling,YPG,0
419,2012-03-01,battle,YPG,0
420,2012-03-01,chemical,HZB,0
421,2012-03-01,air_strike,HZB,0
422,2012-03-01,barrel_bomb,HZB,0
423,2012-03-01,massacre,HZB,0
424,2012-03-01,shelling,HZB,0
425,2012-03-01,battle,HZB,0
426,2012-03-01,chemical,ASS,0
427,2012-03-01,air_strike,ASS,0
428,2012-03-01,barrel_bomb,ASS,0
429,2012-03-01,massacre,ASS,35
430,2012-03-01,shelling,ASS,7
431,2012-03-01,battle,ASS,9
432,2012-04-01,chemical,IS,0
433,2012-04-01,air_strike,IS,0
434,2012-04-01,barrel_bomb,IS,0
435,2012-04-01,massacre,IS,0
436,2012-04-01,shelling,IS,0
437,2012-04-01,battle,IS,0
438,2012-04-01,chemical,IC,0
439,2012-04-01,air_strike,IC,0
440,2012-04-01,barrel_bomb,IC,0
441,2012-04-01,massacre,IC,0
442,2012-04-01,shelling,IC,0
443,2012-04-01,battle,IC,0
444,2012-04-01,chemical,RS,0
445,2012-04-01,air_strike,RS,0
446,2012-04-01,barrel_bomb,RS,0
447,2012-04-01,massacre,RS,0
448,2012-04-01,shelling,RS,0
449,2012-04-01,battle,RS,0
450,2012-04-01,chemical,YPG,0
451,2012-04-01,air_strike,YPG,0
452,2012-04-01,barrel_bomb,YPG,0
453,2012-04-01,massacre,YPG,0
454,2012-04-01,shelling,YPG,0
455,2012-04-01,battle,YPG,0
456,2012-04-01,chemical,HZB,0
457,2012-04-01,air_strike,HZB,0
458,2012-04-01,barrel_bomb,HZB,0
459,2012-04-01,massacre,HZB,0
460,2012-04-01,shelling,HZB,0
461,2012-04-01,battle,HZB,0
462,2012-04-01,chemical,ASS,0
463,2012-04-01,air_strike,ASS,0
464,2012-04-01,barrel_bomb,ASS,0
465,2012-04-01,massacre,ASS,7
466,2012-04-01,shelling,ASS,3
467,2012-04-01,battle,ASS,3
468,2012-05-01,chemical,IS,0
469,2012-05-01,air_strike,IS,0
470,2012-05-01,barrel_bomb,IS,0
471,2012-05-01,massacre,IS,0
472,2012-05-01,shelling,IS,0
473,2012-05-01,battle,IS,0
474,2012-05-01,chemical,IC,0
475,2012-05-01,air_strike,IC,0
476,2012-05-01,barrel_bomb,IC,0
477,2012-05-01,massacre,IC,0
478,2012-05-01,shelling,IC,0
479,2012-05-01,battle,IC,0
480,2012-05-01,chemical,RS,0
481,2012-05-01,air_strike,RS,0
482,2012-05-01,barrel_bomb,RS,0
483,2012-05-01,massacre,RS,0
484,2012-05-01,shelling,RS,0
485,2012-05-01,battle,RS,0
486,2012-05-01,chemical,YPG,0
487,2012-05-01,air_strike,YPG,0
488,2012-05-01,barrel_bomb,YPG,0
489,2012-05-01,massacre,YPG,0
490,2012-05-01,shelling,YPG,0
491,2012-05-01,battle,YPG,0
492,2012-05-01,chemical,HZB,0
493,2012-05-01,air_strike,HZB,0
494,2012-05-01,barrel_bomb,HZB,0
495,2012-05-01,massacre,HZB,0
496,2012-05-01,shelling,HZB,0
497,2012-05-01,battle,HZB,0
498,2012-05-01,chemical,ASS,0
499,2012-05-01,air_strike,ASS,0
500,2012-05-01,barrel_bomb,ASS,0
501,2012-05-01,massacre,ASS,0
502,2012-05-01,shelling,ASS,0
503,2012-05-01,battle,ASS,1
504,2012-06-01,chemical,IS,0
505,2012-06-01,air_strike,IS,0
506,2012-06-01,barrel_bomb,IS,0
507,2012-06-01,massacre,IS,0
508,2012-06-01,shelling,IS,0
509,2012-06-01,battle,IS,0
510,2012-06-01,chemical,IC,0
511,2012-06-01,air_strike,IC,0
512,2012-06-01,barrel_bomb,IC,0
513,2012-06-01,massacre,IC,0
514,2012-06-01,shelling,IC,0
515,2012-06-01,battle,IC,0
516,2012-06-01,chemical,RS,0
517,2012-06-01,air_strike,RS,0
518,2012-06-01,barrel_bomb,RS,0
519,2012-06-01,massacre,RS,0
520,2012-06-01,shelling,RS,1
521,2012-06-01,battle,RS,0
522,2012-06-01,chemical,YPG,0
523,2012-06-01,air_strike,YPG,0
524,2012-06-01,barrel_bomb,YPG,0
525,2012-06-01,massacre,YPG,0
526,2012-06-01,shelling,YPG,0
527,2012-06-01,battle,YPG,0
528,2012-06-01,chemical,HZB,0
529,2012-06-01,air_strike,HZB,0
530,2012-06-01,barrel_bomb,HZB,0
531,2012-06-01,massacre,HZB,0
532,2012-06-01,shelling,HZB,0
533,2012-06-01,battle,HZB,0
534,2012-06-01,chemical,ASS,0
535,2012-06-01,air_strike,ASS,1
536,2012-06-01,barrel_bomb,ASS,0
537,2012-06-01,massacre,ASS,31
538,2012-06-01,shelling,ASS,24
539,2012-06-01,battle,ASS,16
540,2012-07-01,chemical,IS,0
541,2012-07-01,air_strike,IS,0
542,2012-07-01,barrel_bomb,IS,0
543,2012-07-01,massacre,IS,0
544,2012-07-01,shelling,IS,0
545,2012-07-01,battle,IS,0
546,2012-07-01,chemical,IC,0
547,2012-07-01,air_strike,IC,0
548,2012-07-01,barrel_bomb,IC,0
549,2012-07-01,massacre,IC,0
550,2012-07-01,shelling,IC,0
551,2012-07-01,battle,IC,0
552,2012-07-01,chemical,RS,0
553,2012-07-01,air_strike,RS,0
554,2012-07-01,barrel_bomb,RS,0
555,2012-07-01,massacre,RS,2
556,2012-07-01,shelling,RS,2
557,2012-07-01,battle,RS,1
558,2012-07-01,chemical,YPG,0
559,2012-07-01,air_strike,YPG,0
560,2012-07-01,barrel_bomb,YPG,0
561,2012-07-01,massacre,YPG,0
562,2012-07-01,shelling,YPG,0
563,2012-07-01,battle,YPG,0
564,2012-07-01,chemical,HZB,0
565,2012-07-01,air_strike,HZB,0
566,2012-07-01,barrel_bomb,HZB,0
567,2012-07-01,massacre,HZB,0
568,2012-07-01,shelling,HZB,0
569,2012-07-01,battle,HZB,0
570,2012-07-01,chemical,ASS,1
571,2012-07-01,air_strike,ASS,2
572,2012-07-01,barrel_bomb,ASS,0
573,2012-07-01,massacre,ASS,55
574,2012-07-01,shelling,ASS,45
575,2012-07-01,battle,ASS,23
576,2012-08-01,chemical,IS,0
577,2012-08-01,air_strike,IS,0
578,2012-08-01,barrel_bomb,IS,0
579,2012-08-01,massacre,IS,0
580,2012-08-01,shelling,IS,0
581,2012-08-01,battle,IS,0
582,2012-08-01,chemical,IC,0
583,2012-08-01,air_strike,IC,0
584,2012-08-01,barrel_bomb,IC,0
585,2012-08-01,massacre,IC,0
586,2012-08-01,shelling,IC,0
587,2012-08-01,battle,IC,0
588,2012-08-01,chemical,RS,0
589,2012-08-01,air_strike,RS,0
590,2012-08-01,barrel_bomb,RS,0
591,2012-08-01,massacre,RS,1
592,2012-08-01,shelling,RS,1
593,2012-08-01,battle,RS,1
594,2012-08-01,chemical,YPG,0
595,2012-08-01,air_strike,YPG,0
596,2012-08-01,barrel_bomb,YPG,0
597,2012-08-01,massacre,YPG,0
598,2012-08-01,shelling,YPG,0
599,2012-08-01,battle,YPG,0
600,2012-08-01,chemical,HZB,0
601,2012-08-01,air_strike,HZB,0
602,2012-08-01,barrel_bomb,HZB,0
603,2012-08-01,massacre,HZB,0
604,2012-08-01,shelling,HZB,0
605,2012-08-01,battle,HZB,0
606,2012-08-01,chemical,ASS,0
607,2012-08-01,air_strike,ASS,10
608,2012-08-01,barrel_bomb,ASS,0
609,2012-08-01,massacre,ASS,61
610,2012-08-01,shelling,ASS,62
611,2012-08-01,battle,ASS,31
612,2012-09-01,chemical,IS,0
613,2012-09-01,air_strike,IS,0
614,2012-09-01,barrel_bomb,IS,0
615,2012-09-01,massacre,IS,0
616,2012-09-01,shelling,IS,0
617,2012-09-01,battle,IS,0
618,2012-09-01,chemical,IC,0
619,2012-09-01,air_strike,IC,0
620,2012-09-01,barrel_bomb,IC,0
621,2012-09-01,massacre,IC,0
622,2012-09-01,shelling,IC,0
623,2012-09-01,battle,IC,0
624,2012-09-01,chemical,RS,0
625,2012-09-01,air_strike,RS,0
626,2012-09-01,barrel_bomb,RS,0
627,2012-09-01,massacre,RS,0
628,2012-09-01,shelling,RS,1
629,2012-09-01,battle,RS,0
630,2012-09-01,chemical,YPG,0
631,2012-09-01,air_strike,YPG,0
632,2012-09-01,barrel_bomb,YPG,0
633,2012-09-01,massacre,YPG,1
634,2012-09-01,shelling,YPG,0
635,2012-09-01,battle,YPG,1
636,2012-09-01,chemical,HZB,0
637,2012-09-01,air_strike,HZB,0
638,2012-09-01,barrel_bomb,HZB,0
639,2012-09-01,massacre,HZB,0
640,2012-09-01,shelling,HZB,0
641,2012-09-01,battle,HZB,0
642,2012-09-01,chemical,ASS,0
643,2012-09-01,air_strike,ASS,8
644,2012-09-01,barrel_bomb,ASS,0
645,2012-09-01,massacre,ASS,59
646,2012-09-01,shelling,ASS,44
647,2012-09-01,battle,ASS,14
648,2012-10-01,chemical,IS,0
649,2012-10-01,air_strike,IS,0
650,2012-10-01,barrel_bomb,IS,0
651,2012-10-01,massacre,IS,0
652,2012-10-01,shelling,IS,0
653,2012-10-01,battle,IS,0
654,2012-10-01,chemical,IC,0
655,2012-10-01,air_strike,IC,0
656,2012-10-01,barrel_bomb,IC,0
657,2012-10-01,massacre,IC,0
658,2012-10-01,shelling,IC,0
659,2012-10-01,battle,IC,0
660,2012-10-01,chemical,RS,0
661,2012-10-01,air_strike,RS,0
662,2012-10-01,barrel_bomb,RS,0
663,2012-10-01,massacre,RS,0
664,2012-10-01,shelling,RS,2
665,2012-10-01,battle,RS,3
666,2012-10-01,chemical,YPG,0
667,2012-10-01,air_strike,YPG,0
668,2012-10-01,barrel_bomb,YPG,0
669,2012-10-01,massacre,YPG,2
670,2012-10-01,shelling,YPG,1
671,2012-10-01,battle,YPG,2
672,2012-10-01,chemical,HZB,0
673,2012-10-01,air_strike,HZB,0
674,2012-10-01,barrel_bomb,HZB,0
675,2012-10-01,massacre,HZB,0
676,2012-10-01,shelling,HZB,0
677,2012-10-01,battle,HZB,0
678,2012-10-01,chemical,ASS,0
679,2012-10-01,air_strike,ASS,11
680,2012-10-01,barrel_bomb,ASS,2
681,2012-10-01,massacre,ASS,71
682,2012-10-01,shelling,ASS,53
683,2012-10-01,battle,ASS,35
684,2012-11-01,chemical,IS,0
685,2012-11-01,air_strike,IS,0
686,2012-11-01,barrel_bomb,IS,0
687,2012-11-01,massacre,IS,0
688,2012-11-01,shelling,IS,0
689,2012-11-01,battle,IS,0
690,2012-11-01,chemical,IC,0
691,2012-11-01,air_strike,IC,0
692,2012-11-01,barrel_bomb,IC,0
693,2012-11-01,massacre,IC,0
694,2012-11-01,shelling,IC,0
695,2012-11-01,battle,IC,0
696,2012-11-01,chemical,RS,0
697,2012-11-01,air_strike,RS,1
698,2012-11-01,barrel_bomb,RS,0
699,2012-11-01,massacre,RS,0
700,2012-11-01,shelling,RS,0
701,2012-11-01,battle,RS,1
702,2012-11-01,chemical,YPG,0
703,2012-11-01,air_strike,YPG,0
704,2012-11-01,barrel_bomb,YPG,0
705,2012-11-01,massacre,YPG,0
706,2012-11-01,shelling,YPG,1
707,2012-11-01,battle,YPG,1
708,2012-11-01,chemical,HZB,0
709,2012-11-01,air_strike,HZB,0
710,2012-11-01,barrel_bomb,HZB,0
711,2012-11-01,massacre,HZB,0
712,2012-11-01,shelling,HZB,0
713,2012-11-01,battle,HZB,0
714,2012-11-01,chemical,ASS,0
715,2012-11-01,air_strike,ASS,8
716,2012-11-01,barrel_bomb,ASS,0
717,2012-11-01,massacre,ASS,35
718,2012-11-01,shelling,ASS,52
719,2012-11-01,battle,ASS,21
720,2012-12-01,chemical,IS,0
721,2012-12-01,air_strike,IS,0
722,2012-12-01,barrel_bomb,IS,0
723,2012-12-01,massacre,IS,0
724,2012-12-01,shelling,IS,0
725,2012-12-01,battle,IS,0
726,2012-12-01,chemical,IC,0
727,2012-12-01,air_strike,IC,0
728,2012-12-01,barrel_bomb,IC,0
729,2012-12-01,massacre,IC,0
730,2012-12-01,shelling,IC,0
731,2012-12-01,battle,IC,0
732,2012-12-01,chemical,RS,0
733,2012-12-01,air_strike,RS,0
734,2012-12-01,barrel_bomb,RS,0
735,2012-12-01,massacre,RS,0
736,2012-12-01,shelling,RS,0
737,2012-12-01,battle,RS,0
738,2012-12-01,chemical,YPG,0
739,2012-12-01,air_strike,YPG,0
740,2012-12-01,barrel_bomb,YPG,0
741,2012-12-01,massacre,YPG,0
742,2012-12-01,shelling,YPG,0
743,2012-12-01,battle,YPG,0
744,2012-12-01,chemical,HZB,0
745,2012-12-01,air_strike,HZB,0
746,2012-12-01,barrel_bomb,HZB,0
747,2012-12-01,massacre,HZB,0
748,2012-12-01,shelling,HZB,0
749,2012-12-01,battle,HZB,0
750,2012-12-01,chemical,ASS,1
751,2012-12-01,air_strike,ASS,13
752,2012-12-01,barrel_bomb,ASS,3
753,2012-12-01,massacre,ASS,56
754,2012-12-01,shelling,ASS,66
755,2012-12-01,battle,ASS,35
756,2013-01-01,chemical,IS,0
757,2013-01-01,air_strike,IS,0
758,2013-01-01,barrel_bomb,IS,0
759,2013-01-01,massacre,IS,0
760,2013-01-01,shelling,IS,0
761,2013-01-01,battle,IS,0
762,2013-01-01,chemical,IC,0
763,2013-01-01,air_strike,IC,0
764,2013-01-01,barrel_bomb,IC,0
765,2013-01-01,massacre,IC,0
766,2013-01-01,shelling,IC,0
767,2013-01-01,battle,IC,0
768,2013-01-01,chemical,RS,0
769,2013-01-01,air_strike,RS,1
770,2013-01-01,barrel_bomb,RS,0
771,2013-01-01,massacre,RS,0
772,2013-01-01,shelling,RS,0
773,2013-01-01,battle,RS,1
774,2013-01-01,chemical,YPG,0
775,2013-01-01,air_strike,YPG,0
776,2013-01-01,barrel_bomb,YPG,0
777,2013-01-01,massacre,YPG,0
778,2013-01-01,shelling,YPG,0
779,2013-01-01,battle,YPG,0
780,2013-01-01,chemical,HZB,0
781,2013-01-01,air_strike,HZB,0
782,2013-01-01,barrel_bomb,HZB,0
783,2013-01-01,massacre,HZB,0
784,2013-01-01,shelling,HZB,0
785,2013-01-01,battle,HZB,0
786,2013-01-01,chemical,ASS,0
787,2013-01-01,air_strike,ASS,8
788,2013-01-01,barrel_bomb,ASS,0
789,2013-01-01,massacre,ASS,52
790,2013-01-01,shelling,ASS,42
791,2013-01-01,battle,ASS,34
792,2013-02-01,chemical,IS,0
793,2013-02-01,air_strike,IS,0
794,2013-02-01,barrel_bomb,IS,0
795,2013-02-01,massacre,IS,0
796,2013-02-01,shelling,IS,0
797,2013-02-01,battle,IS,0
798,2013-02-01,chemical,IC,0
799,2013-02-01,air_strike,IC,0
800,2013-02-01,barrel_bomb,IC,0
801,2013-02-01,massacre,IC,0
802,2013-02-01,shelling,IC,0
803,2013-02-01,battle,IC,0
804,2013-02-01,chemical,RS,0
805,2013-02-01,air_strike,RS,0
806,2013-02-01,barrel_bomb,RS,0
807,2013-02-01,massacre,RS,0
808,2013-02-01,shelling,RS,0
809,2013-02-01,battle,RS,0
810,2013-02-01,chemical,YPG,0
811,2013-02-01,air_strike,YPG,0
812,2013-02-01,barrel_bomb,YPG,0
813,2013-02-01,massacre,YPG,0
814,2013-02-01,shelling,YPG,0
815,2013-02-01,battle,YPG,0
816,2013-02-01,chemical,HZB,0
817,2013-02-01,air_strike,HZB,0
818,2013-02-01,barrel_bomb,HZB,0
819,2013-02-01,massacre,HZB,0
820,2013-02-01,shelling,HZB,0
821,2013-02-01,battle,HZB,1
822,2013-02-01,chemical,ASS,0
823,2013-02-01,air_strike,ASS,3
824,2013-02-01,barrel_bomb,ASS,1
825,2013-02-01,massacre,ASS,35
826,2013-02-01,shelling,ASS,32
827,2013-02-01,battle,ASS,19
828,2013-03-01,chemical,IS,0
829,2013-03-01,air_strike,IS,0
830,2013-03-01,barrel_bomb,IS,0
831,2013-03-01,massacre,IS,0
832,2013-03-01,shelling,IS,0
833,2013-03-01,battle,IS,0
834,2013-03-01,chemical,IC,0
835,2013-03-01,air_strike,IC,0
836,2013-03-01,barrel_bomb,IC,0
837,2013-03-01,massacre,IC,0
838,2013-03-01,shelling,IC,0
839,2013-03-01,battle,IC,0
840,2013-03-01,chemical,RS,0
841,2013-03-01,air_strike,RS,0
842,2013-03-01,barrel_bomb,RS,0
843,2013-03-01,massacre,RS,0
844,2013-03-01,shelling,RS,0
845,2013-03-01,battle,RS,0
846,2013-03-01,chemical,YPG,0
847,2013-03-01,air_strike,YPG,0
848,2013-03-01,barrel_bomb,YPG,0
849,2013-03-01,massacre,YPG,0
850,2013-03-01,shelling,YPG,0
851,2013-03-01,battle,YPG,0
852,2013-03-01,chemical,HZB,0
853,2013-03-01,air_strike,HZB,0
854,2013-03-01,barrel_bomb,HZB,0
855,2013-03-01,massacre,HZB,0
856,2013-03-01,shelling,HZB,0
857,2013-03-01,battle,HZB,0
858,2013-03-01,chemical,ASS,5
859,2013-03-01,air_strike,ASS,0
860,2013-03-01,barrel_bomb,ASS,0
861,2013-03-01,massacre,ASS,19
862,2013-03-01,shelling,ASS,18
863,2013-03-01,battle,ASS,12
864,2013-04-01,chemical,IS,0
865,2013-04-01,air_strike,IS,0
866,2013-04-01,barrel_bomb,IS,0
867,2013-04-01,massacre,IS,0
868,2013-04-01,shelling,IS,0
869,2013-04-01,battle,IS,0
870,2013-04-01,chemical,IC,0
871,2013-04-01,air_strike,IC,0
872,2013-04-01,barrel_bomb,IC,0
873,2013-04-01,massacre,IC,0
874,2013-04-01,shelling,IC,0
875,2013-04-01,battle,IC,0
876,2013-04-01,chemical,RS,0
877,2013-04-01,air_strike,RS,0
878,2013-04-01,barrel_bomb,RS,0
879,2013-04-01,massacre,RS,0
880,2013-04-01,shelling,RS,0
881,2013-04-01,battle,RS,0
882,2013-04-01,chemical,YPG,0
883,2013-04-01,air_strike,YPG,0
884,2013-04-01,barrel_bomb,YPG,0
885,2013-04-01,massacre,YPG,0
886,2013-04-01,shelling,YPG,0
887,2013-04-01,battle,YPG,0
888,2013-04-01,chemical,HZB,0
889,2013-04-01,air_strike,HZB,0
890,2013-04-01,barrel_bomb,HZB,0
891,2013-04-01,massacre,HZB,0
892,2013-04-01,shelling,HZB,0
893,2013-04-01,battle,HZB,0
894,2013-04-01,chemical,ASS,5
895,2013-04-01,air_strike,ASS,2
896,2013-04-01,barrel_bomb,ASS,0
897,2013-04-01,massacre,ASS,24
898,2013-04-01,shelling,ASS,25
899,2013-04-01,battle,ASS,11
900,2013-05-01,chemical,IS,0
901,2013-05-01,air_strike,IS,0
902,2013-05-01,barrel_bomb,IS,0
903,2013-05-01,massacre,IS,0
904,2013-05-01,shelling,IS,0
905,2013-05-01,battle,IS,0
906,2013-05-01,chemical,IC,0
907,2013-05-01,air_strike,IC,0
908,2013-05-01,barrel_bomb,IC,0
909,2013-05-01,massacre,IC,0
910,2013-05-01,shelling,IC,0
911,2013-05-01,battle,IC,0
912,2013-05-01,chemical,RS,1
913,2013-05-01,air_strike,RS,1
914,2013-05-01,barrel_bomb,RS,0
915,2013-05-01,massacre,RS,0
916,2013-05-01,shelling,RS,1
917,2013-05-01,battle,RS,0
918,2013-05-01,chemical,YPG,0
919,2013-05-01,air_strike,YPG,0
920,2013-05-01,barrel_bomb,YPG,0
921,2013-05-01,massacre,YPG,0
922,2013-05-01,shelling,YPG,0
923,2013-05-01,battle,YPG,0
924,2013-05-01,chemical,HZB,1
925,2013-05-01,air_strike,HZB,1
926,2013-05-01,barrel_bomb,HZB,0
927,2013-05-01,massacre,HZB,0
928,2013-05-01,shelling,HZB,3
929,2013-05-01,battle,HZB,0
930,2013-05-01,chemical,ASS,5
931,2013-05-01,air_strike,ASS,4
932,2013-05-01,barrel_bomb,ASS,0
933,2013-05-01,massacre,ASS,25
934,2013-05-01,shelling,ASS,20
935,2013-05-01,battle,ASS,13
936,2013-06-01,chemical,IS,0
937,2013-06-01,air_strike,IS,0
938,2013-06-01,barrel_bomb,IS,0
939,2013-06-01,massacre,IS,0
940,2013-06-01,shelling,IS,0
941,2013-06-01,battle,IS,0
942,2013-06-01,chemical,IC,0
943,2013-06-01,air_strike,IC,0
944,2013-06-01,barrel_bomb,IC,0
945,2013-06-01,massacre,IC,0
946,2013-06-01,shelling,IC,0
947,2013-06-01,battle,IC,0
948,2013-06-01,chemical,RS,0
949,2013-06-01,air_strike,RS,0
950,2013-06-01,barrel_bomb,RS,0
951,2013-06-01,massacre,RS,0
952,2013-06-01,shelling,RS,0
953,2013-06-01,battle,RS,0
954,2013-06-01,chemical,YPG,0
955,2013-06-01,air_strike,YPG,0
956,2013-06-01,barrel_bomb,YPG,0
957,2013-06-01,massacre,YPG,0
958,2013-06-01,shelling,YPG,0
959,2013-06-01,battle,YPG,0
960,2013-06-01,chemical,HZB,2
961,2013-06-01,air_strike,HZB,0
962,2013-06-01,barrel_bomb,HZB,0
963,2013-06-01,massacre,HZB,0
964,2013-06-01,shelling,HZB,9
965,2013-06-01,battle,HZB,13
966,2013-06-01,chemical,ASS,9
967,2013-06-01,air_strike,ASS,4
968,2013-06-01,barrel_bomb,ASS,0
969,2013-06-01,massacre,ASS,19
970,2013-06-01,shelling,ASS,43
971,2013-06-01,battle,ASS,25
972,2013-07-01,chemical,IS,0
973,2013-07-01,air_strike,IS,0
974,2013-07-01,barrel_bomb,IS,0
975,2013-07-01,massacre,IS,0
976,2013-07-01,shelling,IS,0
977,2013-07-01,battle,IS,0
978,2013-07-01,chemical,IC,0
979,2013-07-01,air_strike,IC,0
980,2013-07-01,barrel_bomb,IC,0
981,2013-07-01,massacre,IC,0
982,2013-07-01,shelling,IC,0
983,2013-07-01,battle,IC,0
984,2013-07-01,chemical,RS,0
985,2013-07-01,air_strike,RS,0
986,2013-07-01,barrel_bomb,RS,0
987,2013-07-01,massacre,RS,0
988,2013-07-01,shelling,RS,0
989,2013-07-01,battle,RS,0
990,2013-07-01,chemical,YPG,0
991,2013-07-01,air_strike,YPG,0
992,2013-07-01,barrel_bomb,YPG,0
993,2013-07-01,massacre,YPG,0
994,2013-07-01,shelling,YPG,0
995,2013-07-01,battle,YPG,0
996,2013-07-01,chemical,HZB,0
997,2013-07-01,air_strike,HZB,1
998,2013-07-01,barrel_bomb,HZB,0
999,2013-07-01,massacre,HZB,0
1000,2013-07-01,shelling,HZB,3
1001,2013-07-01,battle,HZB,1
1002,2013-07-01,chemical,ASS,9
1003,2013-07-01,air_strike,ASS,4
1004,2013-07-01,barrel_bomb,ASS,2
1005,2013-07-01,massacre,ASS,10
1006,2013-07-01,shelling,ASS,9
1007,2013-07-01,battle,ASS,5
1008,2013-08-01,chemical,IS,0
1009,2013-08-01,air_strike,IS,0
1010,2013-08-01,barrel_bomb,IS,0
1011,2013-08-01,massacre,IS,0
1012,2013-08-01,shelling,IS,0
1013,2013-08-01,battle,IS,0
1014,2013-08-01,chemical,IC,0
1015,2013-08-01,air_strike,IC,0
1016,2013-08-01,barrel_bomb,IC,0
1017,2013-08-01,massacre,IC,0
1018,2013-08-01,shelling,IC,0
1019,2013-08-01,battle,IC,0
1020,2013-08-01,chemical,RS,2
1021,2013-08-01,air_strike,RS,0
1022,2013-08-01,barrel_bomb,RS,0
1023,2013-08-01,massacre,RS,3
1024,2013-08-01,shelling,RS,1
1025,2013-08-01,battle,RS,4
1026,2013-08-01,chemical,YPG,0
1027,2013-08-01,air_strike,YPG,0
1028,2013-08-01,barrel_bomb,YPG,0
1029,2013-08-01,massacre,YPG,0
1030,2013-08-01,shelling,YPG,0
1031,2013-08-01,battle,YPG,0
1032,2013-08-01,chemical,HZB,1
1033,2013-08-01,air_strike,HZB,0
1034,2013-08-01,barrel_bomb,HZB,0
1035,2013-08-01,massacre,HZB,1
1036,2013-08-01,shelling,HZB,0
1037,2013-08-01,battle,HZB,2
1038,2013-08-01,chemical,ASS,34
1039,2013-08-01,air_strike,ASS,3
1040,2013-08-01,barrel_bomb,ASS,0
1041,2013-08-01,massacre,ASS,25
1042,2013-08-01,shelling,ASS,9
1043,2013-08-01,battle,ASS,17
1044,2013-09-01,chemical,IS,0
1045,2013-09-01,air_strike,IS,0
1046,2013-09-01,barrel_bomb,IS,0
1047,2013-09-01,massacre,IS,0
1048,2013-09-01,shelling,IS,0
1049,2013-09-01,battle,IS,0
1050,2013-09-01,chemical,IC,0
1051,2013-09-01,air_strike,IC,0
1052,2013-09-01,barrel_bomb,IC,0
1053,2013-09-01,massacre,IC,0
1054,2013-09-01,shelling,IC,0
1055,2013-09-01,battle,IC,0
1056,2013-09-01,chemical,RS,8
1057,2013-09-01,air_strike,RS,2
1058,2013-09-01,barrel_bomb,RS,0
1059,2013-09-01,massacre,RS,0
1060,2013-09-01,shelling,RS,0
1061,2013-09-01,battle,RS,3
1062,2013-09-01,chemical,YPG,0
1063,2013-09-01,air_strike,YPG,0
1064,2013-09-01,barrel_bomb,YPG,0
1065,2013-09-01,massacre,YPG,0
1066,2013-09-01,shelling,YPG,0
1067,2013-09-01,battle,YPG,1
1068,2013-09-01,chemical,HZB,1
1069,2013-09-01,air_strike,HZB,0
1070,2013-09-01,barrel_bomb,HZB,0
1071,2013-09-01,massacre,HZB,1
1072,2013-09-01,shelling,HZB,1
1073,2013-09-01,battle,HZB,0
1074,2013-09-01,chemical,ASS,26
1075,2013-09-01,air_strike,ASS,5
1076,2013-09-01,barrel_bomb,ASS,2
1077,2013-09-01,massacre,ASS,9
1078,2013-09-01,shelling,ASS,15
1079,2013-09-01,battle,ASS,19
1080,2013-10-01,chemical,IS,0
1081,2013-10-01,air_strike,IS,0
1082,2013-10-01,barrel_bomb,IS,0
1083,2013-10-01,massacre,IS,0
1084,2013-10-01,shelling,IS,0
1085,2013-10-01,battle,IS,0
1086,2013-10-01,chemical,IC,0
1087,2013-10-01,air_strike,IC,0
1088,2013-10-01,barrel_bomb,IC,0
1089,2013-10-01,massacre,IC,0
1090,2013-10-01,shelling,IC,0
1091,2013-10-01,battle,IC,0
1092,2013-10-01,chemical,RS,0
1093,2013-10-01,air_strike,RS,0
1094,2013-10-01,barrel_bomb,RS,0
1095,2013-10-01,massacre,RS,0
1096,2013-10-01,shelling,RS,1
1097,2013-10-01,battle,RS,0
1098,2013-10-01,chemical,YPG,0
1099,2013-10-01,air_strike,YPG,0
1100,2013-10-01,barrel_bomb,YPG,0
1101,2013-10-01,massacre,YPG,0
1102,2013-10-01,shelling,YPG,0
1103,2013-10-01,battle,YPG,0
1104,2013-10-01,chemical,HZB,0
1105,2013-10-01,air_strike,HZB,0
1106,2013-10-01,barrel_bomb,HZB,0
1107,2013-10-01,massacre,HZB,1
1108,2013-10-01,shelling,HZB,0
1109,2013-10-01,battle,HZB,0
1110,2013-10-01,chemical,ASS,2
1111,2013-10-01,air_strike,ASS,1
1112,2013-10-01,barrel_bomb,ASS,0
1113,2013-10-01,massacre,ASS,8
1114,2013-10-01,shelling,ASS,5
1115,2013-10-01,battle,ASS,8
1116,2013-11-01,chemical,IS,0
1117,2013-11-01,air_strike,IS,0
1118,2013-11-01,barrel_bomb,IS,0
1119,2013-11-01,massacre,IS,0
1120,2013-11-01,shelling,IS,0
1121,2013-11-01,battle,IS,0
1122,2013-11-01,chemical,IC,0
1123,2013-11-01,air_strike,IC,0
1124,2013-11-01,barrel_bomb,IC,0
1125,2013-11-01,massacre,IC,0
1126,2013-11-01,shelling,IC,0
1127,2013-11-01,battle,IC,0
1128,2013-11-01,chemical,RS,0
1129,2013-11-01,air_strike,RS,0
1130,2013-11-01,barrel_bomb,RS,0
1131,2013-11-01,massacre,RS,0
1132,2013-11-01,shelling,RS,0
1133,2013-11-01,battle,RS,0
1134,2013-11-01,chemical,YPG,0
1135,2013-11-01,air_strike,YPG,0
1136,2013-11-01,barrel_bomb,YPG,0
1137,2013-11-01,massacre,YPG,0
1138,2013-11-01,shelling,YPG,0
1139,2013-11-01,battle,YPG,0
1140,2013-11-01,chemical,HZB,0
1141,2013-11-01,air_strike,HZB,0
1142,2013-11-01,barrel_bomb,HZB,0
1143,2013-11-01,massacre,HZB,1
1144,2013-11-01,shelling,HZB,0
1145,2013-11-01,battle,HZB,0
1146,2013-11-01,chemical,ASS,0
1147,2013-11-01,air_strike,ASS,1
1148,2013-11-01,barrel_bomb,ASS,0
1149,2013-11-01,massacre,ASS,11
1150,2013-11-01,shelling,ASS,8
1151,2013-11-01,battle,ASS,12
1152,2013-12-01,chemical,IS,0
1153,2013-12-01,air_strike,IS,0
1154,2013-12-01,barrel_bomb,IS,0
1155,2013-12-01,massacre,IS,0
1156,2013-12-01,shelling,IS,0
1157,2013-12-01,battle,IS,0
1158,2013-12-01,chemical,IC,0
1159,2013-12-01,air_strike,IC,0
1160,2013-12-01,barrel_bomb,IC,0
1161,2013-12-01,massacre,IC,0
1162,2013-12-01,shelling,IC,0
1163,2013-12-01,battle,IC,0
1164,2013-12-01,chemical,RS,0
1165,2013-12-01,air_strike,RS,0
1166,2013-12-01,barrel_bomb,RS,0
1167,2013-12-01,massacre,RS,0
1168,2013-12-01,shelling,RS,0
1169,2013-12-01,battle,RS,0
1170,2013-12-01,chemical,YPG,0
1171,2013-12-01,air_strike,YPG,0
1172,2013-12-01,barrel_bomb,YPG,0
1173,2013-12-01,massacre,YPG,0
1174,2013-12-01,shelling,YPG,0
1175,2013-12-01,battle,YPG,0
1176,2013-12-01,chemical,HZB,0
1177,2013-12-01,air_strike,HZB,0
1178,2013-12-01,barrel_bomb,HZB,0
1179,2013-12-01,massacre,HZB,3
1180,2013-12-01,shelling,HZB,1
1181,2013-12-01,battle,HZB,3
1182,2013-12-01,chemical,ASS,0
1183,2013-12-01,air_strike,ASS,3
1184,2013-12-01,barrel_bomb,ASS,0
1185,2013-12-01,massacre,ASS,18
1186,2013-12-01,shelling,ASS,4
1187,2013-12-01,battle,ASS,8
1188,2014-01-01,chemical,IS,0
1189,2014-01-01,air_strike,IS,0
1190,2014-01-01,barrel_bomb,IS,0
1191,2014-01-01,massacre,IS,1
1192,2014-01-01,shelling,IS,0
1193,2014-01-01,battle,IS,1
1194,2014-01-01,chemical,IC,0
1195,2014-01-01,air_strike,IC,0
1196,2014-01-01,barrel_bomb,IC,0
1197,2014-01-01,massacre,IC,0
1198,2014-01-01,shelling,IC,0
1199,2014-01-01,battle,IC,0
1200,2014-01-01,chemical,RS,1
1201,2014-01-01,air_strike,RS,2
1202,2014-01-01,barrel_bomb,RS,2
1203,2014-01-01,massacre,RS,0
1204,2014-01-01,shelling,RS,2
1205,2014-01-01,battle,RS,4
1206,2014-01-01,chemical,YPG,0
1207,2014-01-01,air_strike,YPG,0
1208,2014-01-01,barrel_bomb,YPG,0
1209,2014-01-01,massacre,YPG,0
1210,2014-01-01,shelling,YPG,0
1211,2014-01-01,battle,YPG,0
1212,2014-01-01,chemical,HZB,0
1213,2014-01-01,air_strike,HZB,1
1214,2014-01-01,barrel_bomb,HZB,0
1215,2014-01-01,massacre,HZB,2
1216,2014-01-01,shelling,HZB,2
1217,2014-01-01,battle,HZB,3
1218,2014-01-01,chemical,ASS,5
1219,2014-01-01,air_strike,ASS,13
1220,2014-01-01,barrel_bomb,ASS,10
1221,2014-01-01,massacre,ASS,34
1222,2014-01-01,shelling,ASS,40
1223,2014-01-01,battle,ASS,21
1224,2014-02-01,chemical,IS,0
1225,2014-02-01,air_strike,IS,0
1226,2014-02-01,barrel_bomb,IS,0
1227,2014-02-01,massacre,IS,0
1228,2014-02-01,shelling,IS,0
1229,2014-02-01,battle,IS,2
1230,2014-02-01,chemical,IC,0
1231,2014-02-01,air_strike,IC,0
1232,2014-02-01,barrel_bomb,IC,0
1233,2014-02-01,massacre,IC,0
1234,2014-02-01,shelling,IC,0
1235,2014-02-01,battle,IC,0
1236,2014-02-01,chemical,RS,0
1237,2014-02-01,air_strike,RS,0
1238,2014-02-01,barrel_bomb,RS,0
1239,2014-02-01,massacre,RS,0
1240,2014-02-01,shelling,RS,0
1241,2014-02-01,battle,RS,1
1242,2014-02-01,chemical,YPG,0
1243,2014-02-01,air_strike,YPG,0
1244,2014-02-01,barrel_bomb,YPG,0
1245,2014-02-01,massacre,YPG,0
1246,2014-02-01,shelling,YPG,0
1247,2014-02-01,battle,YPG,0
1248,2014-02-01,chemical,HZB,0
1249,2014-02-01,air_strike,HZB,0
1250,2014-02-01,barrel_bomb,HZB,0
1251,2014-02-01,massacre,HZB,0
1252,2014-02-01,shelling,HZB,1
1253,2014-02-01,battle,HZB,3
1254,2014-02-01,chemical,ASS,0
1255,2014-02-01,air_strike,ASS,1
1256,2014-02-01,barrel_bomb,ASS,2
1257,2014-02-01,massacre,ASS,3
1258,2014-02-01,shelling,ASS,13
1259,2014-02-01,battle,ASS,16
1260,2014-03-01,chemical,IS,0
1261,2014-03-01,air_strike,IS,0
1262,2014-03-01,barrel_bomb,IS,0
1263,2014-03-01,massacre,IS,0
1264,2014-03-01,shelling,IS,0
1265,2014-03-01,battle,IS,1
1266,2014-03-01,chemical,IC,0
1267,2014-03-01,air_strike,IC,0
1268,2014-03-01,barrel_bomb,IC,0
1269,2014-03-01,massacre,IC,0
1270,2014-03-01,shelling,IC,0
1271,2014-03-01,battle,IC,0
1272,2014-03-01,chemical,RS,0
1273,2014-03-01,air_strike,RS,0
1274,2014-03-01,barrel_bomb,RS,0
1275,2014-03-01,massacre,RS,0
1276,2014-03-01,shelling,RS,0
1277,2014-03-01,battle,RS,0
1278,2014-03-01,chemical,YPG,0
1279,2014-03-01,air_strike,YPG,0
1280,2014-03-01,barrel_bomb,YPG,0
1281,2014-03-01,massacre,YPG,0
1282,2014-03-01,shelling,YPG,0
1283,2014-03-01,battle,YPG,0
1284,2014-03-01,chemical,HZB,0
1285,2014-03-01,air_strike,HZB,1
1286,2014-03-01,barrel_bomb,HZB,0
1287,2014-03-01,massacre,HZB,1
1288,2014-03-01,shelling,HZB,0
1289,2014-03-01,battle,HZB,5
1290,2014-03-01,chemical,ASS,1
1291,2014-03-01,air_strike,ASS,10
1292,2014-03-01,barrel_bomb,ASS,4
1293,2014-03-01,massacre,ASS,14
1294,2014-03-01,shelling,ASS,53
1295,2014-03-01,battle,ASS,44
1296,2014-04-01,chemical,IS,0
1297,2014-04-01,air_strike,IS,0
1298,2014-04-01,barrel_bomb,IS,0
1299,2014-04-01,massacre,IS,0
1300,2014-04-01,shelling,IS,0
1301,2014-04-01,battle,IS,0
1302,2014-04-01,chemical,IC,0
1303,2014-04-01,air_strike,IC,0
1304,2014-04-01,barrel_bomb,IC,0
1305,2014-04-01,massacre,IC,0
1306,2014-04-01,shelling,IC,0
1307,2014-04-01,battle,IC,0
1308,2014-04-01,chemical,RS,0
1309,2014-04-01,air_strike,RS,0
1310,2014-04-01,barrel_bomb,RS,0
1311,2014-04-01,massacre,RS,0
1312,2014-04-01,shelling,RS,0
1313,2014-04-01,battle,RS,0
1314,2014-04-01,chemical,YPG,0
1315,2014-04-01,air_strike,YPG,0
1316,2014-04-01,barrel_bomb,YPG,0
1317,2014-04-01,massacre,YPG,0
1318,2014-04-01,shelling,YPG,0
1319,2014-04-01,battle,YPG,0
1320,2014-04-01,chemical,HZB,0
1321,2014-04-01,air_strike,HZB,0
1322,2014-04-01,barrel_bomb,HZB,0
1323,2014-04-01,massacre,HZB,0
1324,2014-04-01,shelling,HZB,0
1325,2014-04-01,battle,HZB,0
1326,2014-04-01,chemical,ASS,5
1327,2014-04-01,air_strike,ASS,7
1328,2014-04-01,barrel_bomb,ASS,4
1329,2014-04-01,massacre,ASS,8
1330,2014-04-01,shelling,ASS,29
1331,2014-04-01,battle,ASS,15
1332,2014-05-01,chemical,IS,0
1333,2014-05-01,air_strike,IS,0
1334,2014-05-01,barrel_bomb,IS,0
1335,2014-05-01,massacre,IS,0
1336,2014-05-01,shelling,IS,0
1337,2014-05-01,battle,IS,0
1338,2014-05-01,chemical,IC,0
1339,2014-05-01,air_strike,IC,0
1340,2014-05-01,barrel_bomb,IC,0
1341,2014-05-01,massacre,IC,0
1342,2014-05-01,shelling,IC,0
1343,2014-05-01,battle,IC,0
1344,2014-05-01,chemical,RS,0
1345,2014-05-01,air_strike,RS,0
1346,2014-05-01,barrel_bomb,RS,0
1347,2014-05-01,massacre,RS,0
1348,2014-05-01,shelling,RS,0
1349,2014-05-01,battle,RS,0
1350,2014-05-01,chemical,YPG,0
1351,2014-05-01,air_strike,YPG,0
1352,2014-05-01,barrel_bomb,YPG,0
1353,2014-05-01,massacre,YPG,0
1354,2014-05-01,shelling,YPG,0
1355,2014-05-01,battle,YPG,0
1356,2014-05-01,chemical,HZB,0
1357,2014-05-01,air_strike,HZB,0
1358,2014-05-01,barrel_bomb,HZB,0
1359,2014-05-01,massacre,HZB,0
1360,2014-05-01,shelling,HZB,1
1361,2014-05-01,battle,HZB,2
1362,2014-05-01,chemical,ASS,2
1363,2014-05-01,air_strike,ASS,1
1364,2014-05-01,barrel_bomb,ASS,3
1365,2014-05-01,massacre,ASS,6
1366,2014-05-01,shelling,ASS,16
1367,2014-05-01,battle,ASS,21
1368,2014-06-01,chemical,IS,0
1369,2014-06-01,air_strike,IS,0
1370,2014-06-01,barrel_bomb,IS,0
1371,2014-06-01,massacre,IS,1
1372,2014-06-01,shelling,IS,0
1373,2014-06-01,battle,IS,0
1374,2014-06-01,chemical,IC,0
1375,2014-06-01,air_strike,IC,0
1376,2014-06-01,barrel_bomb,IC,0
1377,2014-06-01,massacre,IC,0
1378,2014-06-01,shelling,IC,0
1379,2014-06-01,battle,IC,0
1380,2014-06-01,chemical,RS,0
1381,2014-06-01,air_strike,RS,0
1382,2014-06-01,barrel_bomb,RS,0
1383,2014-06-01,massacre,RS,0
1384,2014-06-01,shelling,RS,0
1385,2014-06-01,battle,RS,0
1386,2014-06-01,chemical,YPG,0
1387,2014-06-01,air_strike,YPG,0
1388,2014-06-01,barrel_bomb,YPG,0
1389,2014-06-01,massacre,YPG,0
1390,2014-06-01,shelling,YPG,0
1391,2014-06-01,battle,YPG,0
1392,2014-06-01,chemical,HZB,0
1393,2014-06-01,air_strike,HZB,0
1394,2014-06-01,barrel_bomb,HZB,0
1395,2014-06-01,massacre,HZB,0
1396,2014-06-01,shelling,HZB,1
1397,2014-06-01,battle,HZB,1
1398,2014-06-01,chemical,ASS,0
1399,2014-06-01,air_strike,ASS,3
1400,2014-06-01,barrel_bomb,ASS,5
1401,2014-06-01,massacre,ASS,10
1402,2014-06-01,shelling,ASS,14
1403,2014-06-01,battle,ASS,10
1404,2014-07-01,chemical,IS,0
1405,2014-07-01,air_strike,IS,0
1406,2014-07-01,barrel_bomb,IS,0
1407,2014-07-01,massacre,IS,0
1408,2014-07-01,shelling,IS,0
1409,2014-07-01,battle,IS,0
1410,2014-07-01,chemical,IC,0
1411,2014-07-01,air_strike,IC,0
1412,2014-07-01,barrel_bomb,IC,0
1413,2014-07-01,massacre,IC,0
1414,2014-07-01,shelling,IC,0
1415,2014-07-01,battle,IC,0
1416,2014-07-01,chemical,RS,0
1417,2014-07-01,air_strike,RS,0
1418,2014-07-01,barrel_bomb,RS,0
1419,2014-07-01,massacre,RS,0
1420,2014-07-01,shelling,RS,0
1421,2014-07-01,battle,RS,0
1422,2014-07-01,chemical,YPG,0
1423,2014-07-01,air_strike,YPG,0
1424,2014-07-01,barrel_bomb,YPG,0
1425,2014-07-01,massacre,YPG,0
1426,2014-07-01,shelling,YPG,0
1427,2014-07-01,battle,YPG,0
1428,2014-07-01,chemical,HZB,0
1429,2014-07-01,air_strike,HZB,0
1430,2014-07-01,barrel_bomb,HZB,0
1431,2014-07-01,massacre,HZB,0
1432,2014-07-01,shelling,HZB,0
1433,2014-07-01,battle,HZB,5
1434,2014-07-01,chemical,ASS,0
1435,2014-07-01,air_strike,ASS,3
1436,2014-07-01,barrel_bomb,ASS,2
1437,2014-07-01,massacre,ASS,3
1438,2014-07-01,shelling,ASS,13
1439,2014-07-01,battle,ASS,11
1440,2014-08-01,chemical,IS,0
1441,2014-08-01,air_strike,IS,0
1442,2014-08-01,barrel_bomb,IS,0
1443,2014-08-01,massacre,IS,0
1444,2014-08-01,shelling,IS,0
1445,2014-08-01,battle,IS,0
1446,2014-08-01,chemical,IC,0
1447,2014-08-01,air_strike,IC,0
1448,2014-08-01,barrel_bomb,IC,0
1449,2014-08-01,massacre,IC,0
1450,2014-08-01,shelling,IC,0
1451,2014-08-01,battle,IC,0
1452,2014-08-01,chemical,RS,0
1453,2014-08-01,air_strike,RS,0
1454,2014-08-01,barrel_bomb,RS,0
1455,2014-08-01,massacre,RS,0
1456,2014-08-01,shelling,RS,0
1457,2014-08-01,battle,RS,0
1458,2014-08-01,chemical,YPG,0
1459,2014-08-01,air_strike,YPG,0
1460,2014-08-01,barrel_bomb,YPG,0
1461,2014-08-01,massacre,YPG,0
1462,2014-08-01,shelling,YPG,0
1463,2014-08-01,battle,YPG,0
1464,2014-08-01,chemical,HZB,0
1465,2014-08-01,air_strike,HZB,0
1466,2014-08-01,barrel_bomb,HZB,0
1467,2014-08-01,massacre,HZB,0
1468,2014-08-01,shelling,HZB,1
1469,2014-08-01,battle,HZB,0
1470,2014-08-01,chemical,ASS,0
1471,2014-08-01,air_strike,ASS,3
1472,2014-08-01,barrel_bomb,ASS,0
1473,2014-08-01,massacre,ASS,3
1474,2014-08-01,shelling,ASS,8
1475,2014-08-01,battle,ASS,7
1476,2014-09-01,chemical,IS,0
1477,2014-09-01,air_strike,IS,0
1478,2014-09-01,barrel_bomb,IS,0
1479,2014-09-01,massacre,IS,0
1480,2014-09-01,shelling,IS,0
1481,2014-09-01,battle,IS,0
1482,2014-09-01,chemical,IC,0
1483,2014-09-01,air_strike,IC,0
1484,2014-09-01,barrel_bomb,IC,0
1485,2014-09-01,massacre,IC,0
1486,2014-09-01,shelling,IC,0
1487,2014-09-01,battle,IC,0
1488,2014-09-01,chemical,RS,0
1489,2014-09-01,air_strike,RS,0
1490,2014-09-01,barrel_bomb,RS,0
1491,2014-09-01,massacre,RS,0
1492,2014-09-01,shelling,RS,0
1493,2014-09-01,battle,RS,0
1494,2014-09-01,chemical,YPG,0
1495,2014-09-01,air_strike,YPG,0
1496,2014-09-01,barrel_bomb,YPG,0
1497,2014-09-01,massacre,YPG,0
1498,2014-09-01,shelling,YPG,0
1499,2014-09-01,battle,YPG,0
1500,2014-09-01,chemical,HZB,0
1501,2014-09-01,air_strike,HZB,0
1502,2014-09-01,barrel_bomb,HZB,0
1503,2014-09-01,massacre,HZB,0
1504,2014-09-01,shelling,HZB,0
1505,2014-09-01,battle,HZB,0
1506,2014-09-01,chemical,ASS,0
1507,2014-09-01,air_strike,ASS,0
1508,2014-09-01,barrel_bomb,ASS,0
1509,2014-09-01,massacre,ASS,0
1510,2014-09-01,shelling,ASS,0
1511,2014-09-01,battle,ASS,0
1512,2014-10-01,chemical,IS,0
1513,2014-10-01,air_strike,IS,0
1514,2014-10-01,barrel_bomb,IS,0
1515,2014-10-01,massacre,IS,0
1516,2014-10-01,shelling,IS,0
1517,2014-10-01,battle,IS,0
1518,2014-10-01,chemical,IC,0
1519,2014-10-01,air_strike,IC,0
1520,2014-10-01,barrel_bomb,IC,0
1521,2014-10-01,massacre,IC,0
1522,2014-10-01,shelling,IC,0
1523,2014-10-01,battle,IC,0
1524,2014-10-01,chemical,RS,0
1525,2014-10-01,air_strike,RS,0
1526,2014-10-01,barrel_bomb,RS,0
1527,2014-10-01,massacre,RS,0
1528,2014-10-01,shelling,RS,0
1529,2014-10-01,battle,RS,0
1530,2014-10-01,chemical,YPG,0
1531,2014-10-01,air_strike,YPG,0
1532,2014-10-01,barrel_bomb,YPG,0
1533,2014-10-01,massacre,YPG,0
1534,2014-10-01,shelling,YPG,0
1535,2014-10-01,battle,YPG,0
1536,2014-10-01,chemical,HZB,0
1537,2014-10-01,air_strike,HZB,0
1538,2014-10-01,barrel_bomb,HZB,0
1539,2014-10-01,massacre,HZB,0
1540,2014-10-01,shelling,HZB,0
1541,2014-10-01,battle,HZB,0
1542,2014-10-01,chemical,ASS,0
1543,2014-10-01,air_strike,ASS,0
1544,2014-10-01,barrel_bomb,ASS,0
1545,2014-10-01,massacre,ASS,0
1546,2014-10-01,shelling,ASS,0
1547,2014-10-01,battle,ASS,0
1548,2014-11-01,chemical,IS,0
1549,2014-11-01,air_strike,IS,0
1550,2014-11-01,barrel_bomb,IS,0
1551,2014-11-01,massacre,IS,0
1552,2014-11-01,shelling,IS,0
1553,2014-11-01,battle,IS,0
1554,2014-11-01,chemical,IC,0
1555,2014-11-01,air_strike,IC,0
1556,2014-11-01,barrel_bomb,IC,0
1557,2014-11-01,massacre,IC,0
1558,2014-11-01,shelling,IC,0
1559,2014-11-01,battle,IC,0
1560,2014-11-01,chemical,RS,0
1561,2014-11-01,air_strike,RS,0
1562,2014-11-01,barrel_bomb,RS,0
1563,2014-11-01,massacre,RS,0
1564,2014-11-01,shelling,RS,0
1565,2014-11-01,battle,RS,0
1566,2014-11-01,chemical,YPG,0
1567,2014-11-01,air_strike,YPG,0
1568,2014-11-01,barrel_bomb,YPG,0
1569,2014-11-01,massacre,YPG,0
1570,2014-11-01,shelling,YPG,0
1571,2014-11-01,battle,YPG,0
1572,2014-11-01,chemical,HZB,0
1573,2014-11-01,air_strike,HZB,0
1574,2014-11-01,barrel_bomb,HZB,0
1575,2014-11-01,massacre,HZB,0
1576,2014-11-01,shelling,HZB,0
1577,2014-11-01,battle,HZB,0
1578,2014-11-01,chemical,ASS,0
1579,2014-11-01,air_strike,ASS,3
1580,2014-11-01,barrel_bomb,ASS,1
1581,2014-11-01,massacre,ASS,2
1582,2014-11-01,shelling,ASS,1
1583,2014-11-01,battle,ASS,1
1584,2014-12-01,chemical,IS,0
1585,2014-12-01,air_strike,IS,0
1586,2014-12-01,barrel_bomb,IS,0
1587,2014-12-01,massacre,IS,0
1588,2014-12-01,shelling,IS,0
1589,2014-12-01,battle,IS,0
1590,2014-12-01,chemical,IC,0
1591,2014-12-01,air_strike,IC,0
1592,2014-12-01,barrel_bomb,IC,0
1593,2014-12-01,massacre,IC,0
1594,2014-12-01,shelling,IC,0
1595,2014-12-01,battle,IC,0
1596,2014-12-01,chemical,RS,0
1597,2014-12-01,air_strike,RS,0
1598,2014-12-01,barrel_bomb,RS,0
1599,2014-12-01,massacre,RS,0
1600,2014-12-01,shelling,RS,0
1601,2014-12-01,battle,RS,0
1602,2014-12-01,chemical,YPG,0
1603,2014-12-01,air_strike,YPG,0
1604,2014-12-01,barrel_bomb,YPG,0
1605,2014-12-01,massacre,YPG,0
1606,2014-12-01,shelling,YPG,0
1607,2014-12-01,battle,YPG,0
1608,2014-12-01,chemical,HZB,0
1609,2014-12-01,air_strike,HZB,0
1610,2014-12-01,barrel_bomb,HZB,0
1611,2014-12-01,massacre,HZB,1
1612,2014-12-01,shelling,HZB,0
1613,2014-12-01,battle,HZB,1
1614,2014-12-01,chemical,ASS,0
1615,2014-12-01,air_strike,ASS,56
1616,2014-12-01,barrel_bomb,ASS,10
1617,2014-12-01,massacre,ASS,12
1618,2014-12-01,shelling,ASS,28
1619,2014-12-01,battle,ASS,109
1620,2015-01-01,chemical,IS,0
1621,2015-01-01,air_strike,IS,0
1622,2015-01-01,barrel_bomb,IS,0
1623,2015-01-01,massacre,IS,0
1624,2015-01-01,shelling,IS,0
1625,2015-01-01,battle,IS,1
1626,2015-01-01,chemical,IC,0
1627,2015-01-01,air_strike,IC,0
1628,2015-01-01,barrel_bomb,IC,0
1629,2015-01-01,massacre,IC,0
1630,2015-01-01,shelling,IC,0
1631,2015-01-01,battle,IC,0
1632,2015-01-01,chemical,RS,0
1633,2015-01-01,air_strike,RS,0
1634,2015-01-01,barrel_bomb,RS,0
1635,2015-01-01,massacre,RS,0
1636,2015-01-01,shelling,RS,0
1637,2015-01-01,battle,RS,0
1638,2015-01-01,chemical,YPG,0
1639,2015-01-01,air_strike,YPG,0
1640,2015-01-01,barrel_bomb,YPG,0
1641,2015-01-01,massacre,YPG,0
1642,2015-01-01,shelling,YPG,0
1643,2015-01-01,battle,YPG,1
1644,2015-01-01,chemical,HZB,0
1645,2015-01-01,air_strike,HZB,0
1646,2015-01-01,barrel_bomb,HZB,0
1647,2015-01-01,massacre,HZB,0
1648,2015-01-01,shelling,HZB,1
1649,2015-01-01,battle,HZB,3
1650,2015-01-01,chemical,ASS,0
1651,2015-01-01,air_strike,ASS,91
1652,2015-01-01,barrel_bomb,ASS,28
1653,2015-01-01,massacre,ASS,22
1654,2015-01-01,shelling,ASS,68
1655,2015-01-01,battle,ASS,367
1656,2015-02-01,chemical,IS,0
1657,2015-02-01,air_strike,IS,0
1658,2015-02-01,barrel_bomb,IS,0
1659,2015-02-01,massacre,IS,0
1660,2015-02-01,shelling,IS,0
1661,2015-02-01,battle,IS,1
1662,2015-02-01,chemical,IC,0
1663,2015-02-01,air_strike,IC,0
1664,2015-02-01,barrel_bomb,IC,0
1665,2015-02-01,massacre,IC,0
1666,2015-02-01,shelling,IC,0
1667,2015-02-01,battle,IC,1
1668,2015-02-01,chemical,RS,0
1669,2015-02-01,air_strike,RS,0
1670,2015-02-01,barrel_bomb,RS,0
1671,2015-02-01,massacre,RS,0
1672,2015-02-01,shelling,RS,0
1673,2015-02-01,battle,RS,0
1674,2015-02-01,chemical,YPG,0
1675,2015-02-01,air_strike,YPG,0
1676,2015-02-01,barrel_bomb,YPG,0
1677,2015-02-01,massacre,YPG,0
1678,2015-02-01,shelling,YPG,0
1679,2015-02-01,battle,YPG,0
1680,2015-02-01,chemical,HZB,0
1681,2015-02-01,air_strike,HZB,0
1682,2015-02-01,barrel_bomb,HZB,0
1683,2015-02-01,massacre,HZB,0
1684,2015-02-01,shelling,HZB,0
1685,2015-02-01,battle,HZB,0
1686,2015-02-01,chemical,ASS,0
1687,2015-02-01,air_strike,ASS,75
1688,2015-02-01,barrel_bomb,ASS,33
1689,2015-02-01,massacre,ASS,27
1690,2015-02-01,shelling,ASS,60
1691,2015-02-01,battle,ASS,305
1692,2015-03-01,chemical,IS,0
1693,2015-03-01,air_strike,IS,2
1694,2015-03-01,barrel_bomb,IS,1
1695,2015-03-01,massacre,IS,0
1696,2015-03-01,shelling,IS,0
1697,2015-03-01,battle,IS,2
1698,2015-03-01,chemical,IC,0
1699,2015-03-01,air_strike,IC,2
1700,2015-03-01,barrel_bomb,IC,0
1701,2015-03-01,massacre,IC,0
1702,2015-03-01,shelling,IC,0
1703,2015-03-01,battle,IC,3
1704,2015-03-01,chemical,RS,0
1705,2015-03-01,air_strike,RS,0
1706,2015-03-01,barrel_bomb,RS,0
1707,2015-03-01,massacre,RS,0
1708,2015-03-01,shelling,RS,0
1709,2015-03-01,battle,RS,0
1710,2015-03-01,chemical,YPG,0
1711,2015-03-01,air_strike,YPG,0
1712,2015-03-01,barrel_bomb,YPG,0
1713,2015-03-01,massacre,YPG,1
1714,2015-03-01,shelling,YPG,0
1715,2015-03-01,battle,YPG,0
1716,2015-03-01,chemical,HZB,0
1717,2015-03-01,air_strike,HZB,0
1718,2015-03-01,barrel_bomb,HZB,0
1719,2015-03-01,massacre,HZB,1
1720,2015-03-01,shelling,HZB,0
1721,2015-03-01,battle,HZB,1
1722,2015-03-01,chemical,ASS,8
1723,2015-03-01,air_strike,ASS,82
1724,2015-03-01,barrel_bomb,ASS,39
1725,2015-03-01,massacre,ASS,30
1726,2015-03-01,shelling,ASS,66
1727,2015-03-01,battle,ASS,315
1728,2015-04-01,chemical,IS,0
1729,2015-04-01,air_strike,IS,0
1730,2015-04-01,barrel_bomb,IS,0
1731,2015-04-01,massacre,IS,1
1732,2015-04-01,shelling,IS,1
1733,2015-04-01,battle,IS,3
1734,2015-04-01,chemical,IC,0
1735,2015-04-01,air_strike,IC,0
1736,2015-04-01,barrel_bomb,IC,0
1737,2015-04-01,massacre,IC,0
1738,2015-04-01,shelling,IC,0
1739,2015-04-01,battle,IC,0
1740,2015-04-01,chemical,RS,0
1741,2015-04-01,air_strike,RS,0
1742,2015-04-01,barrel_bomb,RS,0
1743,2015-04-01,massacre,RS,0
1744,2015-04-01,shelling,RS,0
1745,2015-04-01,battle,RS,0
1746,2015-04-01,chemical,YPG,0
1747,2015-04-01,air_strike,YPG,0
1748,2015-04-01,barrel_bomb,YPG,0
1749,2015-04-01,massacre,YPG,0
1750,2015-04-01,shelling,YPG,0
1751,2015-04-01,battle,YPG,0
1752,2015-04-01,chemical,HZB,0
1753,2015-04-01,air_strike,HZB,0
1754,2015-04-01,barrel_bomb,HZB,0
1755,2015-04-01,massacre,HZB,0
1756,2015-04-01,shelling,HZB,0
1757,2015-04-01,battle,HZB,0
1758,2015-04-01,chemical,ASS,5
1759,2015-04-01,air_strike,ASS,184
1760,2015-04-01,barrel_bomb,ASS,83
1761,2015-04-01,massacre,ASS,71
1762,2015-04-01,shelling,ASS,99
1763,2015-04-01,battle,ASS,200
1764,2015-05-01,chemical,IS,0
1765,2015-05-01,air_strike,IS,1
1766,2015-05-01,barrel_bomb,IS,0
1767,2015-05-01,massacre,IS,0
1768,2015-05-01,shelling,IS,1
1769,2015-05-01,battle,IS,1
1770,2015-05-01,chemical,IC,0
1771,2015-05-01,air_strike,IC,0
1772,2015-05-01,barrel_bomb,IC,0
1773,2015-05-01,massacre,IC,4
1774,2015-05-01,shelling,IC,3
1775,2015-05-01,battle,IC,2
1776,2015-05-01,chemical,RS,0
1777,2015-05-01,air_strike,RS,0
1778,2015-05-01,barrel_bomb,RS,0
1779,2015-05-01,massacre,RS,0
1780,2015-05-01,shelling,RS,0
1781,2015-05-01,battle,RS,1
1782,2015-05-01,chemical,YPG,0
1783,2015-05-01,air_strike,YPG,0
1784,2015-05-01,barrel_bomb,YPG,0
1785,2015-05-01,massacre,YPG,1
1786,2015-05-01,shelling,YPG,0
1787,2015-05-01,battle,YPG,1
1788,2015-05-01,chemical,HZB,0
1789,2015-05-01,air_strike,HZB,0
1790,2015-05-01,barrel_bomb,HZB,0
1791,2015-05-01,massacre,HZB,0
1792,2015-05-01,shelling,HZB,0
1793,2015-05-01,battle,HZB,0
1794,2015-05-01,chemical,ASS,1
1795,2015-05-01,air_strike,ASS,145
1796,2015-05-01,barrel_bomb,ASS,101
1797,2015-05-01,massacre,ASS,57
1798,2015-05-01,shelling,ASS,47
1799,2015-05-01,battle,ASS,190
1800,2015-06-01,chemical,IS,0
1801,2015-06-01,air_strike,IS,0
1802,2015-06-01,barrel_bomb,IS,0
1803,2015-06-01,massacre,IS,5
1804,2015-06-01,shelling,IS,3
1805,2015-06-01,battle,IS,6
1806,2015-06-01,chemical,IC,0
1807,2015-06-01,air_strike,IC,1
1808,2015-06-01,barrel_bomb,IC,0
1809,2015-06-01,massacre,IC,4
1810,2015-06-01,shelling,IC,0
1811,2015-06-01,battle,IC,2
1812,2015-06-01,chemical,RS,0
1813,2015-06-01,air_strike,RS,0
1814,2015-06-01,barrel_bomb,RS,0
1815,2015-06-01,massacre,RS,0
1816,2015-06-01,shelling,RS,0
1817,2015-06-01,battle,RS,0
1818,2015-06-01,chemical,YPG,0
1819,2015-06-01,air_strike,YPG,0
1820,2015-06-01,barrel_bomb,YPG,0
1821,2015-06-01,massacre,YPG,0
1822,2015-06-01,shelling,YPG,0
1823,2015-06-01,battle,YPG,0
1824,2015-06-01,chemical,HZB,0
1825,2015-06-01,air_strike,HZB,0
1826,2015-06-01,barrel_bomb,HZB,0
1827,2015-06-01,massacre,HZB,0
1828,2015-06-01,shelling,HZB,0
1829,2015-06-01,battle,HZB,0
1830,2015-06-01,chemical,ASS,0
1831,2015-06-01,air_strike,ASS,89
1832,2015-06-01,barrel_bomb,ASS,74
1833,2015-06-01,massacre,ASS,30
1834,2015-06-01,shelling,ASS,43
1835,2015-06-01,battle,ASS,158
1836,2015-07-01,chemical,IS,0
1837,2015-07-01,air_strike,IS,0
1838,2015-07-01,barrel_bomb,IS,0
1839,2015-07-01,massacre,IS,4
1840,2015-07-01,shelling,IS,0
1841,2015-07-01,battle,IS,3
1842,2015-07-01,chemical,IC,0
1843,2015-07-01,air_strike,IC,0
1844,2015-07-01,barrel_bomb,IC,0
1845,2015-07-01,massacre,IC,2
1846,2015-07-01,shelling,IC,3
1847,2015-07-01,battle,IC,2
1848,2015-07-01,chemical,RS,0
1849,2015-07-01,air_strike,RS,0
1850,2015-07-01,barrel_bomb,RS,0
1851,2015-07-01,massacre,RS,0
1852,2015-07-01,shelling,RS,0
1853,2015-07-01,battle,RS,0
1854,2015-07-01,chemical,YPG,0
1855,2015-07-01,air_strike,YPG,1
1856,2015-07-01,barrel_bomb,YPG,0
1857,2015-07-01,massacre,YPG,0
1858,2015-07-01,shelling,YPG,0
1859,2015-07-01,battle,YPG,1
1860,2015-07-01,chemical,HZB,0
1861,2015-07-01,air_strike,HZB,0
1862,2015-07-01,barrel_bomb,HZB,0
1863,2015-07-01,massacre,HZB,0
1864,2015-07-01,shelling,HZB,0
1865,2015-07-01,battle,HZB,0
1866,2015-07-01,chemical,ASS,0
1867,2015-07-01,air_strike,ASS,146
1868,2015-07-01,barrel_bomb,ASS,79
1869,2015-07-01,massacre,ASS,46
1870,2015-07-01,shelling,ASS,43
1871,2015-07-01,battle,ASS,162
1872,2015-08-01,chemical,IS,0
1873,2015-08-01,air_strike,IS,0
1874,2015-08-01,barrel_bomb,IS,0
1875,2015-08-01,massacre,IS,2
1876,2015-08-01,shelling,IS,2
1877,2015-08-01,battle,IS,3
1878,2015-08-01,chemical,IC,0
1879,2015-08-01,air_strike,IC,3
1880,2015-08-01,barrel_bomb,IC,0
1881,2015-08-01,massacre,IC,2
1882,2015-08-01,shelling,IC,3
1883,2015-08-01,battle,IC,7
1884,2015-08-01,chemical,RS,0
1885,2015-08-01,air_strike,RS,0
1886,2015-08-01,barrel_bomb,RS,0
1887,2015-08-01,massacre,RS,0
1888,2015-08-01,shelling,RS,0
1889,2015-08-01,battle,RS,0
1890,2015-08-01,chemical,YPG,0
1891,2015-08-01,air_strike,YPG,0
1892,2015-08-01,barrel_bomb,YPG,0
1893,2015-08-01,massacre,YPG,0
1894,2015-08-01,shelling,YPG,0
1895,2015-08-01,battle,YPG,0
1896,2015-08-01,chemical,HZB,0
1897,2015-08-01,air_strike,HZB,0
1898,2015-08-01,barrel_bomb,HZB,0
1899,2015-08-01,massacre,HZB,0
1900,2015-08-01,shelling,HZB,0
1901,2015-08-01,battle,HZB,0
1902,2015-08-01,chemical,ASS,2
1903,2015-08-01,air_strike,ASS,138
1904,2015-08-01,barrel_bomb,ASS,23
1905,2015-08-01,massacre,ASS,41
1906,2015-08-01,shelling,ASS,26
1907,2015-08-01,battle,ASS,93
1908,2015-09-01,chemical,IS,0
1909,2015-09-01,air_strike,IS,1
1910,2015-09-01,barrel_bomb,IS,0
1911,2015-09-01,massacre,IS,1
1912,2015-09-01,shelling,IS,2
1913,2015-09-01,battle,IS,2
1914,2015-09-01,chemical,IC,0
1915,2015-09-01,air_strike,IC,1
1916,2015-09-01,barrel_bomb,IC,0
1917,2015-09-01,massacre,IC,0
1918,2015-09-01,shelling,IC,1
1919,2015-09-01,battle,IC,2
1920,2015-09-01,chemical,RS,0
1921,2015-09-01,air_strike,RS,0
1922,2015-09-01,barrel_bomb,RS,0
1923,2015-09-01,massacre,RS,0
1924,2015-09-01,shelling,RS,0
1925,2015-09-01,battle,RS,0
1926,2015-09-01,chemical,YPG,0
1927,2015-09-01,air_strike,YPG,0
1928,2015-09-01,barrel_bomb,YPG,0
1929,2015-09-01,massacre,YPG,0
1930,2015-09-01,shelling,YPG,0
1931,2015-09-01,battle,YPG,0
1932,2015-09-01,chemical,HZB,0
1933,2015-09-01,air_strike,HZB,0
1934,2015-09-01,barrel_bomb,HZB,0
1935,2015-09-01,massacre,HZB,0
1936,2015-09-01,shelling,HZB,0
1937,2015-09-01,battle,HZB,0
1938,2015-09-01,chemical,ASS,0
1939,2015-09-01,air_strike,ASS,0
1940,2015-09-01,barrel_bomb,ASS,2
1941,2015-09-01,massacre,ASS,3
1942,2015-09-01,shelling,ASS,3
1943,2015-09-01,battle,ASS,9
1944,2015-10-01,chemical,IS,0
1945,2015-10-01,air_strike,IS,1
1946,2015-10-01,barrel_bomb,IS,0
1947,2015-10-01,massacre,IS,0
1948,2015-10-01,shelling,IS,0
1949,2015-10-01,battle,IS,1
1950,2015-10-01,chemical,IC,0
1951,2015-10-01,air_strike,IC,0
1952,2015-10-01,barrel_bomb,IC,0
1953,2015-10-01,massacre,IC,0
1954,2015-10-01,shelling,IC,0
1955,2015-10-01,battle,IC,1
1956,2015-10-01,chemical,RS,0
1957,2015-10-01,air_strike,RS,6
1958,2015-10-01,barrel_bomb,RS,0
1959,2015-10-01,massacre,RS,0
1960,2015-10-01,shelling,RS,0
1961,2015-10-01,battle,RS,9
1962,2015-10-01,chemical,YPG,0
1963,2015-10-01,air_strike,YPG,0
1964,2015-10-01,barrel_bomb,YPG,0
1965,2015-10-01,massacre,YPG,0
1966,2015-10-01,shelling,YPG,0
1967,2015-10-01,battle,YPG,0
1968,2015-10-01,chemical,HZB,0
1969,2015-10-01,air_strike,HZB,0
1970,2015-10-01,barrel_bomb,HZB,0
1971,2015-10-01,massacre,HZB,0
1972,2015-10-01,shelling,HZB,0
1973,2015-10-01,battle,HZB,0
1974,2015-10-01,chemical,ASS,0
1975,2015-10-01,air_strike,ASS,0
1976,2015-10-01,barrel_bomb,ASS,3
1977,2015-10-01,massacre,ASS,2
1978,2015-10-01,shelling,ASS,1
1979,2015-10-01,battle,ASS,9
1980,2015-11-01,chemical,IS,0
1981,2015-11-01,air_strike,IS,0
1982,2015-11-01,barrel_bomb,IS,0
1983,2015-11-01,massacre,IS,0
1984,2015-11-01,shelling,IS,1
1985,2015-11-01,battle,IS,1
1986,2015-11-01,chemical,IC,0
1987,2015-11-01,air_strike,IC,2
1988,2015-11-01,barrel_bomb,IC,0
1989,2015-11-01,massacre,IC,0
1990,2015-11-01,shelling,IC,0
1991,2015-11-01,battle,IC,1
1992,2015-11-01,chemical,RS,0
1993,2015-11-01,air_strike,RS,8
1994,2015-11-01,barrel_bomb,RS,4
1995,2015-11-01,massacre,RS,1
1996,2015-11-01,shelling,RS,4
1997,2015-11-01,battle,RS,15
1998,2015-11-01,chemical,YPG,0
1999,2015-11-01,air_strike,YPG,0
2000,2015-11-01,barrel_bomb,YPG,0
2001,2015-11-01,massacre,YPG,0
2002,2015-11-01,shelling,YPG,0
2003,2015-11-01,battle,YPG,0
2004,2015-11-01,chemical,HZB,0
2005,2015-11-01,air_strike,HZB,0
2006,2015-11-01,barrel_bomb,HZB,0
2007,2015-11-01,massacre,HZB,0
2008,2015-11-01,shelling,HZB,0
2009,2015-11-01,battle,HZB,0
2010,2015-11-01,chemical,ASS,0
2011,2015-11-01,air_strike,ASS,1
2012,2015-11-01,barrel_bomb,ASS,3
2013,2015-11-01,massacre,ASS,2
2014,2015-11-01,shelling,ASS,3
2015,2015-11-01,battle,ASS,12
2016,2015-12-01,chemical,IS,0
2017,2015-12-01,air_strike,IS,0
2018,2015-12-01,barrel_bomb,IS,0
2019,2015-12-01,massacre,IS,0
2020,2015-12-01,shelling,IS,0
2021,2015-12-01,battle,IS,0
2022,2015-12-01,chemical,IC,0
2023,2015-12-01,air_strike,IC,0
2024,2015-12-01,barrel_bomb,IC,0
2025,2015-12-01,massacre,IC,0
2026,2015-12-01,shelling,IC,0
2027,2015-12-01,battle,IC,0
2028,2015-12-01,chemical,RS,0
2029,2015-12-01,air_strike,RS,0
2030,2015-12-01,barrel_bomb,RS,5
2031,2015-12-01,massacre,RS,1
2032,2015-12-01,shelling,RS,1
2033,2015-12-01,battle,RS,11
2034,2015-12-01,chemical,YPG,0
2035,2015-12-01,air_strike,YPG,0
2036,2015-12-01,barrel_bomb,YPG,0
2037,2015-12-01,massacre,YPG,0
2038,2015-12-01,shelling,YPG,0
2039,2015-12-01,battle,YPG,0
2040,2015-12-01,chemical,HZB,0
2041,2015-12-01,air_strike,HZB,0
2042,2015-12-01,barrel_bomb,HZB,0
2043,2015-12-01,massacre,HZB,0
2044,2015-12-01,shelling,HZB,0
2045,2015-12-01,battle,HZB,0
2046,2015-12-01,chemical,ASS,0
2047,2015-12-01,air_strike,ASS,0
2048,2015-12-01,barrel_bomb,ASS,3
2049,2015-12-01,massacre,ASS,1
2050,2015-12-01,shelling,ASS,2
2051,2015-12-01,battle,ASS,8
2052,2016-01-01,chemical,IS,0
2053,2016-01-01,air_strike,IS,0
2054,2016-01-01,barrel_bomb,IS,0
2055,2016-01-01,massacre,IS,0
2056,2016-01-01,shelling,IS,0
2057,2016-01-01,battle,IS,1
2058,2016-01-01,chemical,IC,0
2059,2016-01-01,air_strike,IC,0
2060,2016-01-01,barrel_bomb,IC,0
2061,2016-01-01,massacre,IC,0
2062,2016-01-01,shelling,IC,0
2063,2016-01-01,battle,IC,0
2064,2016-01-01,chemical,RS,0
2065,2016-01-01,air_strike,RS,2
2066,2016-01-01,barrel_bomb,RS,2
2067,2016-01-01,massacre,RS,0
2068,2016-01-01,shelling,RS,0
2069,2016-01-01,battle,RS,3
2070,2016-01-01,chemical,YPG,0
2071,2016-01-01,air_strike,YPG,0
2072,2016-01-01,barrel_bomb,YPG,0
2073,2016-01-01,massacre,YPG,0
2074,2016-01-01,shelling,YPG,0
2075,2016-01-01,battle,YPG,0
2076,2016-01-01,chemical,HZB,0
2077,2016-01-01,air_strike,HZB,0
2078,2016-01-01,barrel_bomb,HZB,0
2079,2016-01-01,massacre,HZB,0
2080,2016-01-01,shelling,HZB,0
2081,2016-01-01,battle,HZB,0
2082,2016-01-01,chemical,ASS,0
2083,2016-01-01,air_strike,ASS,0
2084,2016-01-01,barrel_bomb,ASS,2
2085,2016-01-01,massacre,ASS,2
2086,2016-01-01,shelling,ASS,1
2087,2016-01-01,battle,ASS,6
2088,2016-02-01,chemical,IS,0
2089,2016-02-01,air_strike,IS,0
2090,2016-02-01,barrel_bomb,IS,0
2091,2016-02-01,massacre,IS,1
2092,2016-02-01,shelling,IS,1
2093,2016-02-01,battle,IS,1
2094,2016-02-01,chemical,IC,0
2095,2016-02-01,air_strike,IC,0
2096,2016-02-01,barrel_bomb,IC,0
2097,2016-02-01,massacre,IC,2
2098,2016-02-01,shelling,IC,1
2099,2016-02-01,battle,IC,3
2100,2016-02-01,chemical,RS,2
2101,2016-02-01,air_strike,RS,2
2102,2016-02-01,barrel_bomb,RS,2
2103,2016-02-01,massacre,RS,2
2104,2016-02-01,shelling,RS,5
2105,2016-02-01,battle,RS,6
2106,2016-02-01,chemical,YPG,0
2107,2016-02-01,air_strike,YPG,0
2108,2016-02-01,barrel_bomb,YPG,0
2109,2016-02-01,massacre,YPG,0
2110,2016-02-01,shelling,YPG,0
2111,2016-02-01,battle,YPG,0
2112,2016-02-01,chemical,HZB,0
2113,2016-02-01,air_strike,HZB,0
2114,2016-02-01,barrel_bomb,HZB,0
2115,2016-02-01,massacre,HZB,0
2116,2016-02-01,shelling,HZB,0
2117,2016-02-01,battle,HZB,0
2118,2016-02-01,chemical,ASS,2
2119,2016-02-01,air_strike,ASS,0
2120,2016-02-01,barrel_bomb,ASS,2
2121,2016-02-01,massacre,ASS,1
2122,2016-02-01,shelling,ASS,4
2123,2016-02-01,battle,ASS,7
2124,2016-03-01,chemical,IS,0
2125,2016-03-01,air_strike,IS,0
2126,2016-03-01,barrel_bomb,IS,0
2127,2016-03-01,massacre,IS,0
2128,2016-03-01,shelling,IS,0
2129,2016-03-01,battle,IS,0
2130,2016-03-01,chemical,IC,0
2131,2016-03-01,air_strike,IC,0
2132,2016-03-01,barrel_bomb,IC,0
2133,2016-03-01,massacre,IC,0
2134,2016-03-01,shelling,IC,0
2135,2016-03-01,battle,IC,0
2136,2016-03-01,chemical,RS,0
2137,2016-03-01,air_strike,RS,0
2138,2016-03-01,barrel_bomb,RS,2
2139,2016-03-01,massacre,RS,1
2140,2016-03-01,shelling,RS,0
2141,2016-03-01,battle,RS,4
2142,2016-03-01,chemical,YPG,0
2143,2016-03-01,air_strike,YPG,0
2144,2016-03-01,barrel_bomb,YPG,0
2145,2016-03-01,massacre,YPG,0
2146,2016-03-01,shelling,YPG,0
2147,2016-03-01,battle,YPG,0
2148,2016-03-01,chemical,HZB,0
2149,2016-03-01,air_strike,HZB,0
2150,2016-03-01,barrel_bomb,HZB,0
2151,2016-03-01,massacre,HZB,0
2152,2016-03-01,shelling,HZB,0
2153,2016-03-01,battle,HZB,0
2154,2016-03-01,chemical,ASS,0
2155,2016-03-01,air_strike,ASS,0
2156,2016-03-01,barrel_bomb,ASS,2
2157,2016-03-01,massacre,ASS,1
2158,2016-03-01,shelling,ASS,2
2159,2016-03-01,battle,ASS,6
